sentence_id,language,text,english_translation,english_translation_sentence_id,english_translation_relation,audio_id,audio_url,audio_username,audio_license,attribution_url,local_audio_path,local_audio_voice
329718,heb,מה אתה עושה?,What are you doing?,16492,direct,25298,https://tatoeba.org/audio/download/25298,nava,,,narakeet_audio/329718.mp3,Tamar
329722,heb,מה אתה רוצה לעשות?,What do you want to do?,24759,direct,25300,https://tatoeba.org/audio/download/25300,nava,,,narakeet_audio/329722.mp3,Tamar
330501,heb,לא ללכת על הדשא.,Don't walk on the grass.,265293,direct,25345,https://tatoeba.org/audio/download/25345,nava,,,narakeet_audio/330501.mp3,Tamar
337557,heb,בימים אלה מחשיך בסביבות חמש וחצי.,It gets dark about half past five these days.,61085,direct,28083,https://tatoeba.org/audio/download/28083,nava,,,narakeet_audio/337557.mp3,Tamar
337727,heb,האם אפשר לקבל עזרה?,Is there any help available?,267183,direct,28126,https://tatoeba.org/audio/download/28126,nava,,,narakeet_audio/337727.mp3,Tamar
337785,heb,הלכנו אל הנהר.,We went to the river.,248978,direct,28137,https://tatoeba.org/audio/download/28137,nava,,,narakeet_audio/337785.mp3,Tamar
337793,heb,אני הולך ברגל לבית הספר בכל יום.,I walk to school every day.,261836,direct,28138,https://tatoeba.org/audio/download/28138,nava,,,narakeet_audio/337793.mp3,Tamar
337979,heb,הוא חזר הביתה מאוחר בערב.,He came home late in the evening.,304493,direct,28168,https://tatoeba.org/audio/download/28168,nava,,,narakeet_audio/337979.mp3,Tamar
338014,heb,הכובע הזה קטן מדי בשבילי.,This hat is too small for me.,57120,direct,28172,https://tatoeba.org/audio/download/28172,nava,,,narakeet_audio/338014.mp3,Tamar
469619,heb,הוא אוהב לבשל בשביל המשפחה.,He likes cooking for his family.,502456,direct,35672,https://tatoeba.org/audio/download/35672,nava,,,narakeet_audio/469619.mp3,Tamar
500784,heb,יש לי הרבה שיעורי בית לעשות היום.,I have a lot of homework to do today.,249902,direct,38116,https://tatoeba.org/audio/download/38116,nava,,,narakeet_audio/500784.mp3,Tamar
500789,heb,הכתב שלך מאוד מסודר.,Your handwriting is very good.,2571521,direct,38117,https://tatoeba.org/audio/download/38117,nava,,,narakeet_audio/500789.mp3,Tamar
502185,heb,היא לוקחת שיעורי פסנתר פעם בשבוע.,She takes piano lessons once a week.,310092,direct,38177,https://tatoeba.org/audio/download/38177,nava,,,narakeet_audio/502185.mp3,Tamar
502453,heb,כמה ספרים קראת?,How many books did you read?,370724,direct,38193,https://tatoeba.org/audio/download/38193,nava,,,narakeet_audio/502453.mp3,Tamar
519942,heb,האם תקחו אותי לשם?,Will you take me there?,50863,direct,38797,https://tatoeba.org/audio/download/38797,nava,,,narakeet_audio/519942.mp3,Tamar
519961,heb,ילדים קטנים יכולים לשחק במשחק הזה.,This game can be played by young children.,61154,direct,38798,https://tatoeba.org/audio/download/38798,nava,,,narakeet_audio/519961.mp3,Tamar
520081,heb,יש להם שני בנים ובת אחת.,They have two sons and one daughter.,305061,direct,38802,https://tatoeba.org/audio/download/38802,nava,,,narakeet_audio/520081.mp3,Tamar
520981,heb,אני הולך לבית הספר בשעה שבע.,I go to school at seven.,264923,direct,38822,https://tatoeba.org/audio/download/38822,nava,,,narakeet_audio/520981.mp3,Tamar
521652,heb,לדעתי היא רקדנית טובה.,I think she is a good dancer.,261325,direct,38838,https://tatoeba.org/audio/download/38838,nava,,,narakeet_audio/521652.mp3,Tamar
523086,heb,אני מתכנן להישאר בעיר.,I plan to stay in the city.,246179,direct,38865,https://tatoeba.org/audio/download/38865,nava,,,narakeet_audio/523086.mp3,Tamar
531974,heb,כמה ילדים יש לך?,How many children do you have?,24512,direct,39048,https://tatoeba.org/audio/download/39048,nava,,,narakeet_audio/531974.mp3,Tamar
533364,heb,תודה רבה עבור עזרתך.,A big thanks for your help.,453162,direct,39077,https://tatoeba.org/audio/download/39077,nava,,,narakeet_audio/533364.mp3,Tamar
539055,heb,זהו הבית שבו גרתי כאשר הייתי ילד.,This is the house where I lived when I was a child.,56221,direct,39211,https://tatoeba.org/audio/download/39211,nava,,,narakeet_audio/539055.mp3,Tamar
539483,heb,התיישבתי ביניהם.,I sat among them.,260853,direct,39223,https://tatoeba.org/audio/download/39223,nava,,,narakeet_audio/539483.mp3,Tamar
553529,heb,ביקשתי ממנו שלא ייסע מהר.,I asked him not to drive so fast.,260313,direct,39477,https://tatoeba.org/audio/download/39477,nava,,,narakeet_audio/553529.mp3,Tamar
553748,heb,אני אוכל כאן.,I eat here.,449105,direct,39480,https://tatoeba.org/audio/download/39480,nava,,,narakeet_audio/553748.mp3,Tamar
553837,heb,אני סומך עליך.,I'm counting on you.,64314,direct,39484,https://tatoeba.org/audio/download/39484,nava,,,narakeet_audio/553837.mp3,Tamar
553866,heb,יש חיות רבות בפארק.,There are lots of animals in the park.,240422,direct,39486,https://tatoeba.org/audio/download/39486,nava,,,narakeet_audio/553866.mp3,Tamar
553868,heb,ישנם הרבה בעלי חיים בפארק.,There are lots of animals in the park.,240422,direct,39487,https://tatoeba.org/audio/download/39487,nava,,,narakeet_audio/553868.mp3,Tamar
553873,heb,אני זוכר שנעלתי את הדלת.,I remember locking the door.,321667,direct,39488,https://tatoeba.org/audio/download/39488,nava,,,narakeet_audio/553873.mp3,Tamar
554029,heb,התחבאתי מתחת לשולחן.,I hid under the table.,255055,direct,39495,https://tatoeba.org/audio/download/39495,nava,,,narakeet_audio/554029.mp3,Tamar
554045,heb,הרומן החדש שלה הפך לרב-מכר.,Her new novel has become a best seller.,373365,direct,39496,https://tatoeba.org/audio/download/39496,nava,,,narakeet_audio/554045.mp3,Tamar
554087,heb,אני חושבת שעומד לרדת גשם.,I think it's going to rain.,26904,direct,39497,https://tatoeba.org/audio/download/39497,nava,,,narakeet_audio/554087.mp3,Tamar
554099,heb,אמא קנתה לנו גור כלבים.,Our mother bought us a puppy.,484055,direct,39498,https://tatoeba.org/audio/download/39498,nava,,,narakeet_audio/554099.mp3,Tamar
554251,heb,לא ראיתי אותך כבר הרבה זמן.,I haven't seen you for a long time.,417009,direct,39504,https://tatoeba.org/audio/download/39504,nava,,,narakeet_audio/554251.mp3,Tamar
554292,heb,הייתי שם לעתים קרובות.,I was often there.,942450,direct,39505,https://tatoeba.org/audio/download/39505,nava,,,narakeet_audio/554292.mp3,Tamar
554487,heb,אתה יכול לנסוע לאט יותר?,Could you drive more slowly?,30489,direct,39509,https://tatoeba.org/audio/download/39509,nava,,,narakeet_audio/554487.mp3,Tamar
555659,heb,אני בדרך כלל הולך.,I usually walk.,41158,direct,39531,https://tatoeba.org/audio/download/39531,nava,,,narakeet_audio/555659.mp3,Tamar
556046,heb,איפה הספר שלה? הוא מונח על השולחן.,Where is her book? It is on the table.,3249389,direct,39537,https://tatoeba.org/audio/download/39537,nava,,,narakeet_audio/556046.mp3,Tamar
556157,heb,הוא שאל איך קוראים לי.,He asked me what my name was.,297575,direct,39541,https://tatoeba.org/audio/download/39541,nava,,,narakeet_audio/556157.mp3,Tamar
556160,heb,אפשר לעזור לך?,Can I help you?,25095,direct,39542,https://tatoeba.org/audio/download/39542,nava,,,narakeet_audio/556160.mp3,Tamar
556161,heb,אני יכולה לעזור לך?,Can I help you?,25095,direct,39543,https://tatoeba.org/audio/download/39543,nava,,,narakeet_audio/556161.mp3,Tamar
556243,heb,את אוהבת מוזיקה?,Do you like music?,386729,direct,39544,https://tatoeba.org/audio/download/39544,nava,,,narakeet_audio/556243.mp3,Tamar
556245,heb,איפה אני יכולה למצוא משחת שיניים?,Where can I find toothpaste?,263640,direct,39545,https://tatoeba.org/audio/download/39545,nava,,,narakeet_audio/556245.mp3,Tamar
556412,heb,ההורים משחקים עם ילדיהם במשחק.,The parents are playing a game with their children.,462848,direct,39547,https://tatoeba.org/audio/download/39547,nava,,,narakeet_audio/556412.mp3,Tamar
556413,heb,אני תוהה אם יירד גשם מחר.,I wonder if it will rain tomorrow.,323257,direct,39548,https://tatoeba.org/audio/download/39548,nava,,,narakeet_audio/556413.mp3,Tamar
556436,heb,הכול בסדר?,Is everything all right?,28177,direct,39549,https://tatoeba.org/audio/download/39549,nava,,,narakeet_audio/556436.mp3,Tamar
556470,heb,היא בחרה שלושה תפוחים נהדרים.,She picked out three beautiful apples.,310165,direct,39550,https://tatoeba.org/audio/download/39550,nava,,,narakeet_audio/556470.mp3,Tamar
557862,heb,אתה אוהב לשיר?,Do you like singing?,23929,direct,39567,https://tatoeba.org/audio/download/39567,nava,,,narakeet_audio/557862.mp3,Tamar
557864,heb,אתם אוהבים לשיר?,Do you like singing?,23929,direct,39568,https://tatoeba.org/audio/download/39568,nava,,,narakeet_audio/557864.mp3,Tamar
557901,heb,הוא בראש הכיתה באנגלית.,He's the top of his English class.,4001783,direct,39569,https://tatoeba.org/audio/download/39569,nava,,,narakeet_audio/557901.mp3,Tamar
557902,heb,הוא הראשון באנגלית בכיתתו.,He's the best in his class in English.,4049071,direct,39570,https://tatoeba.org/audio/download/39570,nava,,,narakeet_audio/557902.mp3,Tamar
557946,heb,אין עשן בלי אש.,There is no smoke without fire.,23884,direct,39571,https://tatoeba.org/audio/download/39571,nava,,,narakeet_audio/557946.mp3,Tamar
557951,heb,אני זוכר את המילה הזאת.,I remember this word.,943777,direct,39572,https://tatoeba.org/audio/download/39572,nava,,,narakeet_audio/557951.mp3,Tamar
558170,heb,הגיע הזמן ללכת לישון.,It's time for bed.,1271567,direct,39574,https://tatoeba.org/audio/download/39574,nava,,,narakeet_audio/558170.mp3,Tamar
558195,heb,את צודקת לחלוטין.,You are absolutely correct.,1582005,direct,39575,https://tatoeba.org/audio/download/39575,nava,,,narakeet_audio/558195.mp3,Tamar
558544,heb,אתה בטוח בכך?,Are you sure?,1326,direct,39584,https://tatoeba.org/audio/download/39584,nava,,,narakeet_audio/558544.mp3,Tamar
558604,heb,כל הספרים האלה שלי.,All these books are mine.,372450,direct,39590,https://tatoeba.org/audio/download/39590,nava,,,narakeet_audio/558604.mp3,Tamar
558700,heb,אושר נראה על פניו.,He looked happy.,3249436,direct,39595,https://tatoeba.org/audio/download/39595,nava,,,narakeet_audio/558700.mp3,Tamar
558749,heb,מה קרה?,What is it?,42849,direct,39599,https://tatoeba.org/audio/download/39599,nava,,,narakeet_audio/558749.mp3,Tamar
558812,heb,כבר אחרי השעה עשר.,It's already past ten o'clock.,31736,direct,39601,https://tatoeba.org/audio/download/39601,nava,,,narakeet_audio/558812.mp3,Tamar
559600,heb,הוא יחזור בעוד עשר דקות.,He will be back in ten minutes.,288377,direct,39611,https://tatoeba.org/audio/download/39611,nava,,,narakeet_audio/559600.mp3,Tamar
560701,heb,יש לי תור אצל הרופא.,I have a doctor's appointment.,2542678,direct,39627,https://tatoeba.org/audio/download/39627,nava,,,narakeet_audio/560701.mp3,Tamar
560887,heb,יש להכות על הברזל בעודו חם.,Strike while the iron is hot.,240718,direct,39634,https://tatoeba.org/audio/download/39634,nava,,,narakeet_audio/560887.mp3,Tamar
560892,heb,בן כמה אתה?,How old are you?,436243,direct,39635,https://tatoeba.org/audio/download/39635,nava,,,narakeet_audio/560892.mp3,Tamar
560893,heb,בת כמה את?,How old are you?,436243,direct,39636,https://tatoeba.org/audio/download/39636,nava,,,narakeet_audio/560893.mp3,Tamar
560900,heb,היא ישבה על ידי.,She sat next to me.,314287,direct,39637,https://tatoeba.org/audio/download/39637,nava,,,narakeet_audio/560900.mp3,Tamar
560919,heb,מה היית עושה במקומי?,What would you do if you were in my place?,17717,direct,39638,https://tatoeba.org/audio/download/39638,nava,,,narakeet_audio/560919.mp3,Tamar
561366,heb,אני מקווה שאוכל לסייע לך באופן כלשהו.,I hope I can be of some help to you.,25265,direct,39650,https://tatoeba.org/audio/download/39650,nava,,,narakeet_audio/561366.mp3,Tamar
561613,heb,המדע אינו פותר את כל בעיות החיים.,Science does not solve all the problems of life.,24021,direct,39651,https://tatoeba.org/audio/download/39651,nava,,,narakeet_audio/561613.mp3,Tamar
561668,heb,אצטרף אליך מאוחר יותר.,I'll join you later.,257340,direct,39652,https://tatoeba.org/audio/download/39652,nava,,,narakeet_audio/561668.mp3,Tamar
562676,heb,הוא צייר כלב.,He painted a picture of a dog.,285993,direct,39685,https://tatoeba.org/audio/download/39685,nava,,,narakeet_audio/562676.mp3,Tamar
562685,heb,את צריכה את עזרתנו?,Do you need our help?,1541824,direct,39686,https://tatoeba.org/audio/download/39686,nava,,,narakeet_audio/562685.mp3,Tamar
562688,heb,אני שמחה שחזרת.,I'm glad to see you back.,2441,direct,39687,https://tatoeba.org/audio/download/39687,nava,,,narakeet_audio/562688.mp3,Tamar
562732,heb,זוהי הרכבת המהירה בעולם.,That is the fastest train in the world.,67052,direct,39689,https://tatoeba.org/audio/download/39689,nava,,,narakeet_audio/562732.mp3,Tamar
562826,heb,רציתי שהיא תנצח.,I wanted her to win.,308896,direct,39691,https://tatoeba.org/audio/download/39691,nava,,,narakeet_audio/562826.mp3,Tamar
562882,heb,איך אומרים את זה באיטלקית?,How do you say that in Italian?,1649,direct,39693,https://tatoeba.org/audio/download/39693,nava,,,narakeet_audio/562882.mp3,Tamar
563437,heb,"תודה ששאלת, אולי בפעם הבאה.","Thank you for asking me, but maybe next time.",324508,direct,39700,https://tatoeba.org/audio/download/39700,nava,,,narakeet_audio/563437.mp3,Tamar
563507,heb,מה העיר אותך?,What woke you up?,16268,direct,39701,https://tatoeba.org/audio/download/39701,nava,,,narakeet_audio/563507.mp3,Tamar
563528,heb,הוא לקח ספר מהכוננית.,He took a book from the bookshelf.,555155,direct,39703,https://tatoeba.org/audio/download/39703,nava,,,narakeet_audio/563528.mp3,Tamar
563827,heb,את מכירה אותם?,Do you know them?,69340,direct,39718,https://tatoeba.org/audio/download/39718,nava,,,narakeet_audio/563827.mp3,Tamar
564292,heb,אני חושב שיהיה חם היום.,I think it will be hot today.,242885,direct,39723,https://tatoeba.org/audio/download/39723,nava,,,narakeet_audio/564292.mp3,Tamar
564408,heb,הוא כבר יצא.,He has already gone out.,290306,direct,39725,https://tatoeba.org/audio/download/39725,nava,,,narakeet_audio/564408.mp3,Tamar
564630,heb,המטוס הגיע בדיוק בתשע.,The plane arrived exactly at nine.,564623,direct,39746,https://tatoeba.org/audio/download/39746,nava,,,narakeet_audio/564630.mp3,Tamar
565010,heb,מה נשמע?,What's up?,25164,direct,39750,https://tatoeba.org/audio/download/39750,nava,,,narakeet_audio/565010.mp3,Tamar
565070,heb,הם קראו לבנם ג'ון.,They named their son John.,307063,direct,39751,https://tatoeba.org/audio/download/39751,nava,,,narakeet_audio/565070.mp3,Tamar
565103,heb,אני רוצה לשאול שאלה.,I'd like to ask a question.,73219,direct,39752,https://tatoeba.org/audio/download/39752,nava,,,narakeet_audio/565103.mp3,Tamar
565195,heb,יש לו ידיים גדולות.,He has big hands.,299184,direct,39753,https://tatoeba.org/audio/download/39753,nava,,,narakeet_audio/565195.mp3,Tamar
565197,heb,שתיים ועוד שתיים שווה ארבע.,Twice two is equal to four.,280844,direct,39754,https://tatoeba.org/audio/download/39754,nava,,,narakeet_audio/565197.mp3,Tamar
565200,heb,מהו שמה של בתך?,What's your daughter's name?,64364,direct,39755,https://tatoeba.org/audio/download/39755,nava,,,narakeet_audio/565200.mp3,Tamar
565208,heb,"למרות גילו הצעיר, יש לו ניסיון רב.","Young as he is, he has much experience.",265696,direct,39756,https://tatoeba.org/audio/download/39756,nava,,,narakeet_audio/565208.mp3,Tamar
565223,heb,אני רוצה לראות את הסרט.,I want to see the movie.,254230,direct,39757,https://tatoeba.org/audio/download/39757,nava,,,narakeet_audio/565223.mp3,Tamar
565369,heb,אני מסיימת את שיעורי הבית שלי.,I'm finishing my homework.,253877,direct,39759,https://tatoeba.org/audio/download/39759,nava,,,narakeet_audio/565369.mp3,Tamar
565392,heb,איך מגיעים לחוף הים?,Which way is the beach?,22175,direct,39760,https://tatoeba.org/audio/download/39760,nava,,,narakeet_audio/565392.mp3,Tamar
565406,heb,איך מזג האוויר שם?,How's the weather there?,50753,direct,39761,https://tatoeba.org/audio/download/39761,nava,,,narakeet_audio/565406.mp3,Tamar
565428,heb,לאן אתה הולך?,Where are you going?,416367,direct,39762,https://tatoeba.org/audio/download/39762,nava,,,narakeet_audio/565428.mp3,Tamar
565430,heb,לאן אתם הולכים?,Where are you going?,416367,direct,39763,https://tatoeba.org/audio/download/39763,nava,,,narakeet_audio/565430.mp3,Tamar
565441,heb,ברוך הבא.,Welcome home.,64693,direct,39764,https://tatoeba.org/audio/download/39764,nava,,,narakeet_audio/565441.mp3,Tamar
565445,heb,עשה לי טובה.,Will you do me a favor?,64695,direct,39765,https://tatoeba.org/audio/download/39765,nava,,,narakeet_audio/565445.mp3,Tamar
565475,heb,נו כבר!,Please hurry up!,64710,direct,39766,https://tatoeba.org/audio/download/39766,nava,,,narakeet_audio/565475.mp3,Tamar
565560,heb,בירכתי אותו להולדת בנו.,I congratulated him on the birth of his son.,260254,direct,39767,https://tatoeba.org/audio/download/39767,nava,,,narakeet_audio/565560.mp3,Tamar
565654,heb,היו שתי עוגות.,There were two cakes.,430064,direct,39768,https://tatoeba.org/audio/download/39768,nava,,,narakeet_audio/565654.mp3,Tamar
565664,heb,אין אף אחד בגינה.,There's no one in the garden.,3170474,direct,39769,https://tatoeba.org/audio/download/39769,nava,,,narakeet_audio/565664.mp3,Tamar
565666,heb,הכל היה טעים מאד!,All of it was delicious!,361590,direct,39770,https://tatoeba.org/audio/download/39770,nava,,,narakeet_audio/565666.mp3,Tamar
565667,heb,הם תמיד היו חברים טובים.,They were always good friends.,3249379,direct,39771,https://tatoeba.org/audio/download/39771,nava,,,narakeet_audio/565667.mp3,Tamar
565739,heb,הוא עמד לדבר.,He was about to talk.,3249377,direct,39772,https://tatoeba.org/audio/download/39772,nava,,,narakeet_audio/565739.mp3,Tamar
566114,heb,כדור הארץ מסתובב סביב השמש.,The earth moves around the sun.,277136,direct,39780,https://tatoeba.org/audio/download/39780,nava,,,narakeet_audio/566114.mp3,Tamar
566515,heb,מרי יכולה לדבר יפנית.,Mary can speak Japanese.,31894,direct,39790,https://tatoeba.org/audio/download/39790,nava,,,narakeet_audio/566515.mp3,Tamar
566532,heb,יש לי כל כך הרבה דברים להגיד לך.,I have so many things to tell you.,4049084,direct,39791,https://tatoeba.org/audio/download/39791,nava,,,narakeet_audio/566532.mp3,Tamar
566557,heb,אני צריך לצחצח את שיניי.,I have to brush my teeth.,263601,direct,39794,https://tatoeba.org/audio/download/39794,nava,,,narakeet_audio/566557.mp3,Tamar
566605,heb,הוא הבן היחיד שלהם.,He is the only child they have.,302549,direct,39795,https://tatoeba.org/audio/download/39795,nava,,,narakeet_audio/566605.mp3,Tamar
566646,heb,אתה יודע את התשובה?,You know the answer?,15881,direct,39796,https://tatoeba.org/audio/download/39796,nava,,,narakeet_audio/566646.mp3,Tamar
566647,heb,את יודעת מה התשובה?,You know the answer?,15881,direct,39797,https://tatoeba.org/audio/download/39797,nava,,,narakeet_audio/566647.mp3,Tamar
566649,heb,אתם יודעים מה התשובה?,You know the answer?,15881,direct,39798,https://tatoeba.org/audio/download/39798,nava,,,narakeet_audio/566649.mp3,Tamar
566656,heb,הוא שתה שלוש כוסות מים.,He drank three glasses of water.,300197,direct,39799,https://tatoeba.org/audio/download/39799,nava,,,narakeet_audio/566656.mp3,Tamar
566681,heb,כל מה שאת אומרת נכון לגמרי.,All that you say is perfectly correct.,17232,direct,39800,https://tatoeba.org/audio/download/39800,nava,,,narakeet_audio/566681.mp3,Tamar
566737,heb,זהו הכפר שבו הוא נולד.,This is the village where he was born.,55452,direct,39802,https://tatoeba.org/audio/download/39802,nava,,,narakeet_audio/566737.mp3,Tamar
567052,heb,היא דומה מאוד לאמה.,She looks a lot like her mother.,464657,direct,39804,https://tatoeba.org/audio/download/39804,nava,,,narakeet_audio/567052.mp3,Tamar
567598,heb,היא אוכלת את ארוחת הצהריים בבית.,She has lunch at home.,312844,direct,39814,https://tatoeba.org/audio/download/39814,nava,,,narakeet_audio/567598.mp3,Tamar
567602,heb,יש לי עבודה בשבילכם.,I have a job for you.,237724,direct,39815,https://tatoeba.org/audio/download/39815,nava,,,narakeet_audio/567602.mp3,Tamar
567716,heb,היא סגרה את כל החלונות בחדר.,She closed all the windows in the room.,316835,direct,39816,https://tatoeba.org/audio/download/39816,nava,,,narakeet_audio/567716.mp3,Tamar
567734,heb,הבית יפה.,The house is pretty.,392339,direct,39817,https://tatoeba.org/audio/download/39817,nava,,,narakeet_audio/567734.mp3,Tamar
567736,heb,אני רואה את האיש.,I see the man.,3182938,direct,39818,https://tatoeba.org/audio/download/39818,nava,,,narakeet_audio/567736.mp3,Tamar
567737,heb,כולם מסכימים אתכם.,Everybody agrees with you.,32111,direct,39819,https://tatoeba.org/audio/download/39819,nava,,,narakeet_audio/567737.mp3,Tamar
567884,heb,עדיין יורד גשם?,Is it still raining?,32644,direct,39820,https://tatoeba.org/audio/download/39820,nava,,,narakeet_audio/567884.mp3,Tamar
568155,heb,בואו נעשה הפסקה קצרה.,Let's take a short break.,471780,direct,39831,https://tatoeba.org/audio/download/39831,nava,,,narakeet_audio/568155.mp3,Tamar
568157,heb,בפינת החדר יש שולחן.,There is a table in the corner of the room.,3249375,direct,39832,https://tatoeba.org/audio/download/39832,nava,,,narakeet_audio/568157.mp3,Tamar
568164,heb,לא ראיתי אותו כבר זמן רב.,I haven't seen him for a long time.,19847,direct,39833,https://tatoeba.org/audio/download/39833,nava,,,narakeet_audio/568164.mp3,Tamar
568178,heb,אולם הקולנוע היה מלא אנשים.,The movie theater was filled with people.,521649,direct,39836,https://tatoeba.org/audio/download/39836,nava,,,narakeet_audio/568178.mp3,Tamar
569193,heb,אתמול קניתי ספר.,Yesterday I bought a book.,453344,direct,39864,https://tatoeba.org/audio/download/39864,nava,,,narakeet_audio/569193.mp3,Tamar
569470,heb,אני חשבתי שהסיפור מעניין.,I found the story interesting.,254635,direct,39871,https://tatoeba.org/audio/download/39871,nava,,,narakeet_audio/569470.mp3,Tamar
569483,heb,אנחנו הולכים הביתה.,We're going home.,430024,direct,39872,https://tatoeba.org/audio/download/39872,nava,,,narakeet_audio/569483.mp3,Tamar
569505,heb,נרדמתי תוך כדי קריאה.,I fell asleep while reading.,322096,direct,39873,https://tatoeba.org/audio/download/39873,nava,,,narakeet_audio/569505.mp3,Tamar
570606,heb,מתי נגיע?,When do we arrive?,1709,direct,39896,https://tatoeba.org/audio/download/39896,nava,,,narakeet_audio/570606.mp3,Tamar
570621,heb,דבורים עפות בין הפרחים.,Bees are flying among the flowers.,23725,direct,39897,https://tatoeba.org/audio/download/39897,nava,,,narakeet_audio/570621.mp3,Tamar
570640,heb,"תוכל לדבר בקול רם יותר, בבקשה?",Could you speak a little louder please?,31318,direct,39898,https://tatoeba.org/audio/download/39898,nava,,,narakeet_audio/570640.mp3,Tamar
570835,heb,יש לי אך ורק משאלה אחת.,I have but one wish.,254935,direct,39899,https://tatoeba.org/audio/download/39899,nava,,,narakeet_audio/570835.mp3,Tamar
570851,heb,שמעתי את הסיפור הזה.,I have heard the story.,43281,direct,39901,https://tatoeba.org/audio/download/39901,nava,,,narakeet_audio/570851.mp3,Tamar
571447,heb,הלכתי לקולנוע עם אחי.,I went to the movies with my brother.,257148,direct,39906,https://tatoeba.org/audio/download/39906,nava,,,narakeet_audio/571447.mp3,Tamar
571550,heb,זו תמונה חדשה?,Is it a recent picture?,1291,direct,39907,https://tatoeba.org/audio/download/39907,nava,,,narakeet_audio/571550.mp3,Tamar
571572,heb,אתקשר אליהם מחר כשאחזור.,I'll call them tomorrow when I come back.,1309,direct,39908,https://tatoeba.org/audio/download/39908,nava,,,narakeet_audio/571572.mp3,Tamar
572068,heb,היא המשיכה לעבוד.,She kept on working.,388558,direct,39927,https://tatoeba.org/audio/download/39927,nava,,,narakeet_audio/572068.mp3,Tamar
572194,heb,"ערב טוב, מה שלומך?","Good evening, how are you?",413820,direct,39928,https://tatoeba.org/audio/download/39928,nava,,,narakeet_audio/572194.mp3,Tamar
572211,heb,נראה לי שזה יהיה בסדר גמור.,I guess that would be all right.,40581,direct,39930,https://tatoeba.org/audio/download/39930,nava,,,narakeet_audio/572211.mp3,Tamar
572212,heb,נראה לי שיהיה בסדר.,I guess that would be all right.,40581,direct,39931,https://tatoeba.org/audio/download/39931,nava,,,narakeet_audio/572212.mp3,Tamar
572241,heb,ענה על השאלה.,Answer the question.,265040,direct,39932,https://tatoeba.org/audio/download/39932,nava,,,narakeet_audio/572241.mp3,Tamar
572263,heb,יש לנו שתי בנות.,We have two daughters.,249592,direct,39934,https://tatoeba.org/audio/download/39934,nava,,,narakeet_audio/572263.mp3,Tamar
572266,heb,תלמיד חדש נכנס לכיתה.,A new student came into the class.,269349,direct,39935,https://tatoeba.org/audio/download/39935,nava,,,narakeet_audio/572266.mp3,Tamar
574119,heb,הוא נתן לזה שם חדש.,He gave it a new name.,50998,direct,39958,https://tatoeba.org/audio/download/39958,nava,,,narakeet_audio/574119.mp3,Tamar
574145,heb,אל תרדו מהאוטובוס עד שהוא יעצור.,Don't get off the bus till it stops.,35422,direct,39961,https://tatoeba.org/audio/download/39961,nava,,,narakeet_audio/574145.mp3,Tamar
574217,heb,קראתי ספר בזמן שאכלתי.,I read a book while eating.,1881,direct,39970,https://tatoeba.org/audio/download/39970,nava,,,narakeet_audio/574217.mp3,Tamar
574239,heb,יש לי שני אחים.,I have two brothers.,249765,direct,39971,https://tatoeba.org/audio/download/39971,nava,,,narakeet_audio/574239.mp3,Tamar
574772,heb,"מה תרצה להיות ""כשתהיה גדול""?",What would you like to be in the future?,267505,direct,39992,https://tatoeba.org/audio/download/39992,nava,,,narakeet_audio/574772.mp3,Tamar
575895,heb,האם ארוחת הבוקר מוכנה?,Is breakfast ready?,277786,direct,40000,https://tatoeba.org/audio/download/40000,nava,,,narakeet_audio/575895.mp3,Tamar
575924,heb,אילו שפות מדברים בקנדה?,What languages are spoken in Canada?,706895,direct,40001,https://tatoeba.org/audio/download/40001,nava,,,narakeet_audio/575924.mp3,Tamar
575942,heb,לפעמים הוא קורא סיפורי בלשות.,Sometimes he reads detective stories.,3249373,direct,40002,https://tatoeba.org/audio/download/40002,nava,,,narakeet_audio/575942.mp3,Tamar
575948,heb,אני נשואה ויש לי שני ילדים.,I am married and have two children.,1758,direct,40003,https://tatoeba.org/audio/download/40003,nava,,,narakeet_audio/575948.mp3,Tamar
575954,heb,אני רוצה להיות לבד.,I like being alone.,256057,direct,40004,https://tatoeba.org/audio/download/40004,nava,,,narakeet_audio/575954.mp3,Tamar
576012,heb,כנראה הולך לרדת גשם.,It's probably going to rain.,3249372,direct,40005,https://tatoeba.org/audio/download/40005,nava,,,narakeet_audio/576012.mp3,Tamar
576176,heb,אני רגיל למזג אויר קר.,I am accustomed to cold weather.,256713,direct,40012,https://tatoeba.org/audio/download/40012,nava,,,narakeet_audio/576176.mp3,Tamar
576328,heb,האם זה המפתח שאתה מחפש?,Is this the key you are looking for?,55981,direct,40016,https://tatoeba.org/audio/download/40016,nava,,,narakeet_audio/576328.mp3,Tamar
576437,heb,הציפור נמצאת בקן שלה.,The bird is in its nest.,45011,direct,40017,https://tatoeba.org/audio/download/40017,nava,,,narakeet_audio/576437.mp3,Tamar
576439,heb,כמעט ולא יורד פה גשם אף פעם.,It barely ever rains here.,3097670,direct,40018,https://tatoeba.org/audio/download/40018,nava,,,narakeet_audio/576439.mp3,Tamar
576445,heb,"מאחר שלא ידעתי מה לעשות, שאלתי לדעתו של המורה.","Not knowing what to do, I asked the teacher for advice.",38607,direct,40019,https://tatoeba.org/audio/download/40019,nava,,,narakeet_audio/576445.mp3,Tamar
576475,heb,הספרים האלה חדשים.,These books are new.,55079,direct,40020,https://tatoeba.org/audio/download/40020,nava,,,narakeet_audio/576475.mp3,Tamar
576764,heb,תום הוא חבר שלי.,Tom is my friend.,406604,direct,40048,https://tatoeba.org/audio/download/40048,nava,,,narakeet_audio/576764.mp3,Tamar
576811,heb,אני רואה טלוויזיה.,I watch television.,39164,direct,40049,https://tatoeba.org/audio/download/40049,nava,,,narakeet_audio/576811.mp3,Tamar
576926,heb,אני רוצה שתגיד לי את האמת.,I want you to tell me the truth.,2429,direct,40055,https://tatoeba.org/audio/download/40055,nava,,,narakeet_audio/576926.mp3,Tamar
576933,heb,"זו הרכבת האחרונה, אדוני.","This is the last train, sir.",56187,direct,40056,https://tatoeba.org/audio/download/40056,nava,,,narakeet_audio/576933.mp3,Tamar
577901,heb,השעה עשרה לתשע.,It's ten to nine.,456177,direct,40069,https://tatoeba.org/audio/download/40069,nava,,,narakeet_audio/577901.mp3,Tamar
577970,heb,הנה המפתח שלך.,Here is your key.,61534,direct,40070,https://tatoeba.org/audio/download/40070,nava,,,narakeet_audio/577970.mp3,Tamar
578005,heb,אני מאחל לך שנה טובה.,I wish you a Happy New Year.,30091,direct,40071,https://tatoeba.org/audio/download/40071,nava,,,narakeet_audio/578005.mp3,Tamar
578599,heb,קרא כמה ספרים שרק אפשר.,Read as many books as possible.,497986,direct,40080,https://tatoeba.org/audio/download/40080,nava,,,narakeet_audio/578599.mp3,Tamar
578666,heb,שמך נמצא ראשון ברשימה.,Your name stands first in the list.,70358,direct,40081,https://tatoeba.org/audio/download/40081,nava,,,narakeet_audio/578666.mp3,Tamar
578684,heb,האם הם קמים מוקדם בבוקר?,Do they get up early in the morning?,307163,direct,40082,https://tatoeba.org/audio/download/40082,nava,,,narakeet_audio/578684.mp3,Tamar
578691,heb,אין היום הרבה רוח.,There isn't much wind today.,242968,direct,40083,https://tatoeba.org/audio/download/40083,nava,,,narakeet_audio/578691.mp3,Tamar
578700,heb,היא אישה מקסימה.,She is a charming woman.,539523,direct,40084,https://tatoeba.org/audio/download/40084,nava,,,narakeet_audio/578700.mp3,Tamar
578723,heb,שמעתי את הקולות המאושרים של הילדים.,I heard the children's happy voices.,534121,direct,40085,https://tatoeba.org/audio/download/40085,nava,,,narakeet_audio/578723.mp3,Tamar
578733,heb,הוא ישב ליד הנהר.,He sat next to the river.,4049088,direct,40086,https://tatoeba.org/audio/download/40086,nava,,,narakeet_audio/578733.mp3,Tamar
578926,heb,ארוחת הערב מוכנה.,Dinner is ready.,39682,direct,40104,https://tatoeba.org/audio/download/40104,nava,,,narakeet_audio/578926.mp3,Tamar
579365,heb,פנה שמאלה.,Turn left.,464284,direct,40152,https://tatoeba.org/audio/download/40152,nava,,,narakeet_audio/579365.mp3,Tamar
579396,heb,אמי לא נמצאת תמיד בבית.,My mother is not always at home.,320622,direct,40153,https://tatoeba.org/audio/download/40153,nava,,,narakeet_audio/579396.mp3,Tamar
579406,heb,יש לנו חתול וכלב.,We have a cat and a dog.,249147,direct,40154,https://tatoeba.org/audio/download/40154,nava,,,narakeet_audio/579406.mp3,Tamar
579418,heb,אשאל את זה בצורה אחרת.,Let me rephrase it.,277910,direct,40155,https://tatoeba.org/audio/download/40155,nava,,,narakeet_audio/579418.mp3,Tamar
579475,heb,למה אתה לא יכול לבוא?,Why can't you come?,16450,direct,40156,https://tatoeba.org/audio/download/40156,nava,,,narakeet_audio/579475.mp3,Tamar
579486,heb,אמרתי לו לילה טוב.,I wished him a good night.,457127,direct,40157,https://tatoeba.org/audio/download/40157,nava,,,narakeet_audio/579486.mp3,Tamar
579526,heb,החול בשפת הים היה לבן.,The sand on the beach was white.,318495,direct,40158,https://tatoeba.org/audio/download/40158,nava,,,narakeet_audio/579526.mp3,Tamar
579544,heb,אני שומע אותה מנגנת בפסנתר לעיתים קרובות.,I often hear her play the piano.,308130,direct,40159,https://tatoeba.org/audio/download/40159,nava,,,narakeet_audio/579544.mp3,Tamar
579560,heb,בכיתה שלנו יש 25 ילדים ו-20 ילדות.,Our class has twenty-five boys and twenty girls.,247372,direct,40160,https://tatoeba.org/audio/download/40160,nava,,,narakeet_audio/579560.mp3,Tamar
580256,heb,הוא הגיע בעשר ושבע דקות.,He came at seven minutes after ten.,299328,direct,40189,https://tatoeba.org/audio/download/40189,nava,,,narakeet_audio/580256.mp3,Tamar
580888,heb,הוא מסתפר פעם בחודש.,He gets his hair cut once a month.,1167582,direct,40230,https://tatoeba.org/audio/download/40230,nava,,,narakeet_audio/580888.mp3,Tamar
580928,heb,"לאחר שסיימתי את ארוחת הבוקר, מיהרתי לבית הספר.","Having finished breakfast, I hurried to school.",277807,direct,40244,https://tatoeba.org/audio/download/40244,nava,,,narakeet_audio/580928.mp3,Tamar
582329,heb,אני מאוד אוהב לקרוא ספרים.,I love reading books.,259747,direct,40285,https://tatoeba.org/audio/download/40285,nava,,,narakeet_audio/582329.mp3,Tamar
582352,heb,זה יכאב רק קצת.,It will only hurt a little.,278304,direct,40286,https://tatoeba.org/audio/download/40286,nava,,,narakeet_audio/582352.mp3,Tamar
583871,heb,היא עצמה את עיניה מפני האור החזק.,She shut her eyes because the light was so strong.,67719,direct,40305,https://tatoeba.org/audio/download/40305,nava,,,narakeet_audio/583871.mp3,Tamar
583915,heb,"לציפורים, למשל, יש מנגנון הגנה מיוחד.","Birds, for instance, have a special protective device.",326015,direct,40306,https://tatoeba.org/audio/download/40306,nava,,,narakeet_audio/583915.mp3,Tamar
584000,heb,הבא לי את המשקפיים.,Bring me my glasses.,250410,direct,40307,https://tatoeba.org/audio/download/40307,nava,,,narakeet_audio/584000.mp3,Tamar
584399,heb,איזו שפה מדוברת באמריקה?,What language is spoken in America?,24644,direct,40316,https://tatoeba.org/audio/download/40316,nava,,,narakeet_audio/584399.mp3,Tamar
584437,heb,אחותי הגדולה מנגנת טוב בגיטרה.,My older sister plays the guitar well.,245570,direct,40318,https://tatoeba.org/audio/download/40318,nava,,,narakeet_audio/584437.mp3,Tamar
584842,heb,הוא השיב בקצרה.,He answered in brief.,299238,direct,40328,https://tatoeba.org/audio/download/40328,nava,,,narakeet_audio/584842.mp3,Tamar
584850,heb,לספר הזה היו הרבה דפים.,That book had a lot of pages.,43926,direct,40330,https://tatoeba.org/audio/download/40330,nava,,,narakeet_audio/584850.mp3,Tamar
584874,heb,זה חזק מדי.,It's too loud.,275485,direct,40331,https://tatoeba.org/audio/download/40331,nava,,,narakeet_audio/584874.mp3,Tamar
584880,heb,הגשם ירד במשך חמישה ימים.,The rain lasted five days.,26713,direct,40332,https://tatoeba.org/audio/download/40332,nava,,,narakeet_audio/584880.mp3,Tamar
584937,heb,את לגמרי צודקת!!!,You're completely right!,440042,direct,40333,https://tatoeba.org/audio/download/40333,nava,,,narakeet_audio/584937.mp3,Tamar
586185,heb,הראה לי כיצד זה עובד.,Show me how it works.,38920,direct,40343,https://tatoeba.org/audio/download/40343,nava,,,narakeet_audio/586185.mp3,Tamar
586693,heb,לוסי הגיעה מאמריקה.,Lucy is from America.,29576,direct,40347,https://tatoeba.org/audio/download/40347,nava,,,narakeet_audio/586693.mp3,Tamar
586778,heb,הוא שוחה היטב.,He can swim well.,293922,direct,40349,https://tatoeba.org/audio/download/40349,nava,,,narakeet_audio/586778.mp3,Tamar
586813,heb,לרגע שכחתי מה שמה.,For a moment I forgot what her name was.,533771,direct,40350,https://tatoeba.org/audio/download/40350,nava,,,narakeet_audio/586813.mp3,Tamar
586815,heb,היה פה פעם גשר.,There used to be a bridge here.,63676,direct,40351,https://tatoeba.org/audio/download/40351,nava,,,narakeet_audio/586815.mp3,Tamar
586823,heb,שוב יורד גשם.,It's raining again!,507341,direct,40352,https://tatoeba.org/audio/download/40352,nava,,,narakeet_audio/586823.mp3,Tamar
587245,heb,אני חושב שכבר הייתי כאן.,I think I was already here.,3249369,direct,40363,https://tatoeba.org/audio/download/40363,nava,,,narakeet_audio/587245.mp3,Tamar
587892,heb,בדרך כלל אני הולך הביתה בשעה ארבע.,I usually go home at four.,254894,direct,40382,https://tatoeba.org/audio/download/40382,nava,,,narakeet_audio/587892.mp3,Tamar
587939,heb,יש לי משפחה גדולה.,I have a large family.,250585,direct,40383,https://tatoeba.org/audio/download/40383,nava,,,narakeet_audio/587939.mp3,Tamar
587978,heb,מה את לומדת בבית הספר?,What are you learning at school?,242084,direct,40385,https://tatoeba.org/audio/download/40385,nava,,,narakeet_audio/587978.mp3,Tamar
587996,heb,יש לו בן ושתי בנות.,He has a son and two daughters.,284640,direct,40386,https://tatoeba.org/audio/download/40386,nava,,,narakeet_audio/587996.mp3,Tamar
588031,heb,תוכל לסגור את החלון?,Would you close the window?,274198,direct,40387,https://tatoeba.org/audio/download/40387,nava,,,narakeet_audio/588031.mp3,Tamar
588060,heb,השולחן הזה עשוי מעץ.,This table is made of wood.,60865,direct,40391,https://tatoeba.org/audio/download/40391,nava,,,narakeet_audio/588060.mp3,Tamar
588061,heb,השולחן הזה עשוי עץ.,This table is made of wood.,60865,direct,40392,https://tatoeba.org/audio/download/40392,nava,,,narakeet_audio/588061.mp3,Tamar
589114,heb,היא בדיוק עמדה לצאת.,She was about to go out.,388659,direct,40408,https://tatoeba.org/audio/download/40408,nava,,,narakeet_audio/589114.mp3,Tamar
589754,heb,ציפורים עפות מעל העצים.,Birds are flying above the trees.,278170,direct,40418,https://tatoeba.org/audio/download/40418,nava,,,narakeet_audio/589754.mp3,Tamar
590089,heb,לפני זמן רב היה שם גשר.,"A long time ago, there was a bridge there.",3544423,direct,567161,https://tatoeba.org/audio/download/567161,nava,,,narakeet_audio/590089.mp3,Tamar
590937,heb,אין לנו בית ספר היום.,We have no school today.,247944,direct,40432,https://tatoeba.org/audio/download/40432,nava,,,narakeet_audio/590937.mp3,Tamar
590955,heb,אחר-כך הוא הלך הביתה.,"After that, he went home.",48096,direct,40433,https://tatoeba.org/audio/download/40433,nava,,,narakeet_audio/590955.mp3,Tamar
591499,heb,אני חושבת שזה נכון.,I think that it's true.,321657,direct,40448,https://tatoeba.org/audio/download/40448,nava,,,narakeet_audio/591499.mp3,Tamar
591500,heb,עמדנו בכניסה כדי לקבל את פני אורחינו.,We stood at the door to welcome our guests.,23006,direct,40449,https://tatoeba.org/audio/download/40449,nava,,,narakeet_audio/591500.mp3,Tamar
591517,heb,אני חייב לצאת עכשיו.,I must be leaving now.,486444,direct,40450,https://tatoeba.org/audio/download/40450,nava,,,narakeet_audio/591517.mp3,Tamar
592041,heb,זה עתה חזרתי מהדואר.,I have just returned from the post office.,592042,direct,40459,https://tatoeba.org/audio/download/40459,nava,,,narakeet_audio/592041.mp3,Tamar
592479,heb,את חדשה כאן?,Are you new here?,502232,direct,40464,https://tatoeba.org/audio/download/40464,nava,,,narakeet_audio/592479.mp3,Tamar
592506,heb,עצים רבים נפלו.,Many trees fell down.,323566,direct,40466,https://tatoeba.org/audio/download/40466,nava,,,narakeet_audio/592506.mp3,Tamar
592514,heb,אולי היא תבוא מחר.,Perhaps she will come tomorrow.,311566,direct,40467,https://tatoeba.org/audio/download/40467,nava,,,narakeet_audio/592514.mp3,Tamar
595027,heb,יום ההולדת שלי חל ב-22 במרץ.,My birthday is on March 22.,251418,direct,40540,https://tatoeba.org/audio/download/40540,nava,,,narakeet_audio/595027.mp3,Tamar
596267,heb,אל תשכח לשלוח את המכתב.,Don't forget to mail the letter.,1458993,direct,40565,https://tatoeba.org/audio/download/40565,nava,,,narakeet_audio/596267.mp3,Tamar
597516,heb,קראתי במשך שעה.,I had been reading for an hour.,252462,direct,40580,https://tatoeba.org/audio/download/40580,nava,,,narakeet_audio/597516.mp3,Tamar
597987,heb,"לאחר שנשאר לבדו, הוא החל לקרוא ספר.","Left alone, he began to read a book.",27642,direct,40593,https://tatoeba.org/audio/download/40593,nava,,,narakeet_audio/597987.mp3,Tamar
601264,heb,אני מקווה לראותך בקרוב.,I hope to see you soon.,18711,direct,40646,https://tatoeba.org/audio/download/40646,nava,,,narakeet_audio/601264.mp3,Tamar
601289,heb,הוא גבוה יותר מכל שאר הבנים.,He is taller than any other boy.,301050,direct,40647,https://tatoeba.org/audio/download/40647,nava,,,narakeet_audio/601289.mp3,Tamar
602175,heb,אני לא יודע מה שמו.,I don't know his name.,260758,direct,40715,https://tatoeba.org/audio/download/40715,nava,,,narakeet_audio/602175.mp3,Tamar
602276,heb,שיעור היסטוריה מתחיל בתשע.,The history class starts at nine.,326120,direct,40717,https://tatoeba.org/audio/download/40717,nava,,,narakeet_audio/602276.mp3,Tamar
602327,heb,אני שמח לראות אותך.,I'm glad to see you.,22588,direct,40719,https://tatoeba.org/audio/download/40719,nava,,,narakeet_audio/602327.mp3,Tamar
602330,heb,מה דעתך על הסרט החדש?,What do you think of the new movie?,602331,direct,40720,https://tatoeba.org/audio/download/40720,nava,,,narakeet_audio/602330.mp3,Tamar
602690,heb,"הסרט הזה הוא למבוגרים, לא לילדים.","This movie is for adults, not for children.",60242,direct,40729,https://tatoeba.org/audio/download/40729,nava,,,narakeet_audio/602690.mp3,Tamar
603924,heb,המשחק רק התחיל והם כבר זכו בנקודה הראשונה שלהם.,The game had hardly started when they scored the first point.,263503,direct,40902,https://tatoeba.org/audio/download/40902,nava,,,narakeet_audio/603924.mp3,Tamar
603961,heb,"מה בא קודם, הביצה או התרנגולת?",What came first? The egg or the hen?,530591,direct,40912,https://tatoeba.org/audio/download/40912,nava,,,narakeet_audio/603961.mp3,Tamar
604039,heb,האגם עמוק מאוד.,The lake is very deep.,482141,direct,40942,https://tatoeba.org/audio/download/40942,nava,,,narakeet_audio/604039.mp3,Tamar
604126,heb,אי אפשר לחיות בלי מים.,One can't live without water.,427748,direct,40966,https://tatoeba.org/audio/download/40966,nava,,,narakeet_audio/604126.mp3,Tamar
604179,heb,בסופו של דבר הוא השיג את מטרתו.,He reached his goal at last.,39864,direct,40982,https://tatoeba.org/audio/download/40982,nava,,,narakeet_audio/604179.mp3,Tamar
605933,heb,אני מצחצח שיניים פעמיים ביום.,I brush my teeth twice a day.,321574,direct,41002,https://tatoeba.org/audio/download/41002,nava,,,narakeet_audio/605933.mp3,Tamar
607215,heb,אתה מצליח להבחין בין תום לבין אחיו התאום?,Can you tell Tom from his twin brother?,69821,direct,41011,https://tatoeba.org/audio/download/41011,nava,,,narakeet_audio/607215.mp3,Tamar
607734,heb,כתוב את שמך כאן.,Write down your name here.,61842,direct,41017,https://tatoeba.org/audio/download/41017,nava,,,narakeet_audio/607734.mp3,Tamar
607884,heb,הזמר החדש הזה באמת טוב.,This new singer is really great.,58351,direct,41018,https://tatoeba.org/audio/download/41018,nava,,,narakeet_audio/607884.mp3,Tamar
608034,heb,"הסרט היה מעניין, כפי שציפיתי.","The movie was interesting, as I had expected.",26466,direct,41022,https://tatoeba.org/audio/download/41022,nava,,,narakeet_audio/608034.mp3,Tamar
608072,heb,אני רוצה לדעת מי בא אתנו.,I want to know who is coming with us.,2434,direct,41023,https://tatoeba.org/audio/download/41023,nava,,,narakeet_audio/608072.mp3,Tamar
609424,heb,"ובכל זאת, הכמות לא נכונה.","However, the quantity is not correct.",4049098,direct,41036,https://tatoeba.org/audio/download/41036,nava,,,narakeet_audio/609424.mp3,Tamar
609511,heb,למה קמת מוקדם כל כך?,Why did you get up so early?,36488,direct,41037,https://tatoeba.org/audio/download/41037,nava,,,narakeet_audio/609511.mp3,Tamar
609550,heb,ירד שלג במשך כל הלילה.,It's been snowing all night.,6034,direct,41038,https://tatoeba.org/audio/download/41038,nava,,,narakeet_audio/609550.mp3,Tamar
609556,heb,רוח חזקה נשבה.,A strong wind was blowing.,19225,direct,41039,https://tatoeba.org/audio/download/41039,nava,,,narakeet_audio/609556.mp3,Tamar
609565,heb,הגשם ירד שעות על גבי שעות.,It rained for hours and hours.,24555,direct,41040,https://tatoeba.org/audio/download/41040,nava,,,narakeet_audio/609565.mp3,Tamar
611072,heb,גם אני חושב ככה.,I also think so.,611071,direct,41067,https://tatoeba.org/audio/download/41067,nava,,,narakeet_audio/611072.mp3,Tamar
612533,heb,מה עשיתם בחופשה שלכם?,What did you do on your vacation?,19780,direct,41083,https://tatoeba.org/audio/download/41083,nava,,,narakeet_audio/612533.mp3,Tamar
612547,heb,אתמול עזרתי לאבא שלי.,I helped my father yesterday.,257806,direct,41084,https://tatoeba.org/audio/download/41084,nava,,,narakeet_audio/612547.mp3,Tamar
612568,heb,מדוע היא חזרה מוקדם הביתה?,Why did she come home early?,36328,direct,41085,https://tatoeba.org/audio/download/41085,nava,,,narakeet_audio/612568.mp3,Tamar
613200,heb,בחיים יש עליות ומורדות.,In life there are ups and downs.,2349,direct,41111,https://tatoeba.org/audio/download/41111,nava,,,narakeet_audio/613200.mp3,Tamar
613202,heb,לבסוף היא בחרה חתלתול אחר.,"Finally, she chose another kitten.",38449,direct,41112,https://tatoeba.org/audio/download/41112,nava,,,narakeet_audio/613202.mp3,Tamar
613629,heb,מה אתה רוצה לעשות כשתהיה גדול?,What do you want to do when you grow up?,3079903,direct,41117,https://tatoeba.org/audio/download/41117,nava,,,narakeet_audio/613629.mp3,Tamar
614694,heb,בספרייה הזאת יש ספרים רבים.,The library has many books.,45988,direct,41129,https://tatoeba.org/audio/download/41129,nava,,,narakeet_audio/614694.mp3,Tamar
615225,heb,אתה מדבר אלי?,Are you talking to me?,25538,direct,41134,https://tatoeba.org/audio/download/41134,nava,,,narakeet_audio/615225.mp3,Tamar
615500,heb,אף פעם לא מאוחר ללמוד.,It is never too late to learn.,2061,direct,41137,https://tatoeba.org/audio/download/41137,nava,,,narakeet_audio/615500.mp3,Tamar
615847,heb,הוא סיפר סיפור מצחיק.,He told a funny story.,289848,direct,41141,https://tatoeba.org/audio/download/41141,nava,,,narakeet_audio/615847.mp3,Tamar
616104,heb,יש לי כאב ראש.,I have a headache.,1712,direct,41145,https://tatoeba.org/audio/download/41145,nava,,,narakeet_audio/616104.mp3,Tamar
616110,heb,"הוא צעק: ""הצילו!""","He cried out, ""Help me.""",288328,direct,41146,https://tatoeba.org/audio/download/41146,nava,,,narakeet_audio/616110.mp3,Tamar
616690,heb,הוא אחי הגדול.,He's my older brother.,511849,direct,41157,https://tatoeba.org/audio/download/41157,nava,,,narakeet_audio/616690.mp3,Tamar
616837,heb,הדברים האלה שייכים לך?,Are these your things?,442733,direct,41158,https://tatoeba.org/audio/download/41158,nava,,,narakeet_audio/616837.mp3,Tamar
617933,heb,החצוצרה היא כלי נגינה.,The trumpet is a musical instrument.,478999,direct,41175,https://tatoeba.org/audio/download/41175,nava,,,narakeet_audio/617933.mp3,Tamar
617939,heb,אני עומד מאחוריו.,I'm behind him.,403370,direct,41176,https://tatoeba.org/audio/download/41176,nava,,,narakeet_audio/617939.mp3,Tamar
617975,heb,הצלחתי לעלות על הרכבת האחרונה.,I managed to catch the last train.,255184,direct,41177,https://tatoeba.org/audio/download/41177,nava,,,narakeet_audio/617975.mp3,Tamar
618626,heb,היא למדה לרכוב על אופניים בשנה שעברה.,She learned to ride a bicycle last year.,313840,direct,41184,https://tatoeba.org/audio/download/41184,nava,,,narakeet_audio/618626.mp3,Tamar
619301,heb,בדיוק סיימתי לקרוא את הספר.,I have just finished reading the book.,254666,direct,41209,https://tatoeba.org/audio/download/41209,nava,,,narakeet_audio/619301.mp3,Tamar
619305,heb,הוא גר ממש מעבר לפינה.,He lives just around the corner.,290460,direct,41210,https://tatoeba.org/audio/download/41210,nava,,,narakeet_audio/619305.mp3,Tamar
620549,heb,היום יום שני.,It is Monday today.,242836,direct,41290,https://tatoeba.org/audio/download/41290,nava,,,narakeet_audio/620549.mp3,Tamar
621946,heb,יש להם דעות שונות בעניין.,Their views vary on the subject.,48348,direct,41360,https://tatoeba.org/audio/download/41360,nava,,,narakeet_audio/621946.mp3,Tamar
621955,heb,האם אלה האופניים שלך?,Is this your bike?,55938,direct,41361,https://tatoeba.org/audio/download/41361,nava,,,narakeet_audio/621955.mp3,Tamar
622063,heb,אף פעם לא הרגשתי טוב יותר.,Never have I felt better.,55369,direct,41362,https://tatoeba.org/audio/download/41362,nava,,,narakeet_audio/622063.mp3,Tamar
622264,heb,היא תמיד מנסה לעזור לאנשים אחרים.,She's always trying to help other people.,622260,direct,41375,https://tatoeba.org/audio/download/41375,nava,,,narakeet_audio/622264.mp3,Tamar
622520,heb,"מחר יום הולדתי, אהיה בן שבע עשרה.",Tomorrow is my birthday and I will be seventeen.,323316,direct,41394,https://tatoeba.org/audio/download/41394,nava,,,narakeet_audio/622520.mp3,Tamar
623682,heb,אני תמיד קם בשש.,I always get up at six.,253111,direct,41422,https://tatoeba.org/audio/download/41422,nava,,,narakeet_audio/623682.mp3,Tamar
623914,heb,היה לי צורך בדיוק בזה.,That's just what I needed.,749589,direct,41440,https://tatoeba.org/audio/download/41440,nava,,,narakeet_audio/623914.mp3,Tamar
625649,heb,אני חוזר מיד.,I'll be right back.,53489,direct,41469,https://tatoeba.org/audio/download/41469,nava,,,narakeet_audio/625649.mp3,Tamar
626811,heb,אני כבר מרגיש הרבה יותר טוב.,I already feel much better.,4049067,direct,41509,https://tatoeba.org/audio/download/41509,nava,,,narakeet_audio/626811.mp3,Tamar
628465,heb,אני כבר באה.,I am coming.,65918,direct,41566,https://tatoeba.org/audio/download/41566,nava,,,narakeet_audio/628465.mp3,Tamar
628479,heb,כל אחד מהם קיבל מתנה.,They each received a present.,306002,direct,41567,https://tatoeba.org/audio/download/41567,nava,,,narakeet_audio/628479.mp3,Tamar
628530,heb,בוא תשיר איתי.,Come sing with me.,563197,direct,41571,https://tatoeba.org/audio/download/41571,nava,,,narakeet_audio/628530.mp3,Tamar
628534,heb,בואו תשירו איתי.,Come sing with me.,563197,direct,41572,https://tatoeba.org/audio/download/41572,nava,,,narakeet_audio/628534.mp3,Tamar
628582,heb,היא אדם שאפשר לסמוך עליו.,She is a reliable person.,315108,direct,41574,https://tatoeba.org/audio/download/41574,nava,,,narakeet_audio/628582.mp3,Tamar
628748,heb,הוא ילד גדול.,He's a big boy.,288238,direct,41580,https://tatoeba.org/audio/download/41580,nava,,,narakeet_audio/628748.mp3,Tamar
632078,heb,מתי אתה יכול להגיע?,What time can you come?,24565,direct,41709,https://tatoeba.org/audio/download/41709,nava,,,narakeet_audio/632078.mp3,Tamar
633787,heb,תראה לי את הדרך לתחנת האוטובוס.,Show me the way to the bus stop.,35239,direct,41777,https://tatoeba.org/audio/download/41777,nava,,,narakeet_audio/633787.mp3,Tamar
634084,heb,איפה חדר האמבטיה?,Where is the bathroom?,2136,direct,41779,https://tatoeba.org/audio/download/41779,nava,,,narakeet_audio/634084.mp3,Tamar
634090,heb,הוא רוצה לנסוע לארצות הברית.,He wants to go to America.,252995,direct,41781,https://tatoeba.org/audio/download/41781,nava,,,narakeet_audio/634090.mp3,Tamar
635279,heb,לא אכלתי דבר מאז הבוקר.,I have not had anything to eat since this morning.,242159,direct,41791,https://tatoeba.org/audio/download/41791,nava,,,narakeet_audio/635279.mp3,Tamar
635280,heb,לא אכלתי שום דבר מאז הבוקר.,I have not had anything to eat since this morning.,242159,direct,41792,https://tatoeba.org/audio/download/41792,nava,,,narakeet_audio/635280.mp3,Tamar
637168,heb,היו מספר תלמידים בחדר.,There were a number of students in the room.,319499,direct,41842,https://tatoeba.org/audio/download/41842,nava,,,narakeet_audio/637168.mp3,Tamar
638402,heb,יש מישהו שיוכל לעזור לי?,Is there someone who could help me?,276345,direct,41871,https://tatoeba.org/audio/download/41871,nava,,,narakeet_audio/638402.mp3,Tamar
639399,heb,יש לכם הרבה ספרים.,You have many books.,16525,direct,41911,https://tatoeba.org/audio/download/41911,nava,,,narakeet_audio/639399.mp3,Tamar
639425,heb,ביל ואני חברים טובים.,I am good friends with Bill.,255494,direct,41913,https://tatoeba.org/audio/download/41913,nava,,,narakeet_audio/639425.mp3,Tamar
639475,heb,מדוע את ממהרת כל כך?,Why are you in such a hurry?,36458,direct,41914,https://tatoeba.org/audio/download/41914,nava,,,narakeet_audio/639475.mp3,Tamar
640965,heb,אין לנו מספיק זמן.,We don't have enough time.,426269,direct,41933,https://tatoeba.org/audio/download/41933,nava,,,narakeet_audio/640965.mp3,Tamar
641043,heb,נראה שהוא לא ידע זאת.,He seems not to have known it.,291514,direct,41937,https://tatoeba.org/audio/download/41937,nava,,,narakeet_audio/641043.mp3,Tamar
641450,heb,הוא לבש מסיכה כך שאף אחד לא יוכל לזהות אותו.,He wore a mask so no one would recognize him.,483681,direct,41969,https://tatoeba.org/audio/download/41969,nava,,,narakeet_audio/641450.mp3,Tamar
642439,heb,הילדה מזכירה את אמה.,The girl resembles her mother.,46478,direct,41990,https://tatoeba.org/audio/download/41990,nava,,,narakeet_audio/642439.mp3,Tamar
644729,heb,רוב האנשים אוהבים לצפות בטלוויזיה.,Most people like watching TV.,41181,direct,42041,https://tatoeba.org/audio/download/42041,nava,,,narakeet_audio/644729.mp3,Tamar
644739,heb,מי הגברת הזאת?,Who is that lady?,68692,direct,42042,https://tatoeba.org/audio/download/42042,nava,,,narakeet_audio/644739.mp3,Tamar
646023,heb,הוא יודע המון על בעלי חיים.,He knows a lot about animals.,302037,direct,42070,https://tatoeba.org/audio/download/42070,nava,,,narakeet_audio/646023.mp3,Tamar
646100,heb,עוד מעט יירד גשם.,It is going to rain soon.,32468,direct,42071,https://tatoeba.org/audio/download/42071,nava,,,narakeet_audio/646100.mp3,Tamar
646509,heb,חבל שלא הלכת איתנו.,I wish you had come with us.,68836,direct,42074,https://tatoeba.org/audio/download/42074,nava,,,narakeet_audio/646509.mp3,Tamar
646556,heb,השעה כבר שבע.,It's already seven.,31683,direct,42075,https://tatoeba.org/audio/download/42075,nava,,,narakeet_audio/646556.mp3,Tamar
646710,heb,אמתין עוד חמש דקות.,I'll wait another five minutes.,31688,direct,42082,https://tatoeba.org/audio/download/42082,nava,,,narakeet_audio/646710.mp3,Tamar
649934,heb,אני קוראת ספר על בעלי חיים.,I am reading a book about animals.,259710,direct,42102,https://tatoeba.org/audio/download/42102,nava,,,narakeet_audio/649934.mp3,Tamar
651050,heb,קראו מה שתרצו.,Read whatever you like.,240694,direct,42114,https://tatoeba.org/audio/download/42114,nava,,,narakeet_audio/651050.mp3,Tamar
651695,heb,מישהו שכח לקחת את המטרייה שלו.,Somebody left his umbrella behind.,276148,direct,42126,https://tatoeba.org/audio/download/42126,nava,,,narakeet_audio/651695.mp3,Tamar
651713,heb,הוא ניסה לפתוח את הדלת.,He tried to open the door.,290510,direct,42128,https://tatoeba.org/audio/download/42128,nava,,,narakeet_audio/651713.mp3,Tamar
651719,heb,אפשר לסמוך עליו.,You can rely on him.,9905,direct,42129,https://tatoeba.org/audio/download/42129,nava,,,narakeet_audio/651719.mp3,Tamar
652214,heb,פתאום הוא ראה אותי.,Suddenly he saw me.,650268,direct,42146,https://tatoeba.org/audio/download/42146,nava,,,narakeet_audio/652214.mp3,Tamar
652864,heb,אחזור בתוך שעה.,I'll be back within an hour.,27750,direct,42151,https://tatoeba.org/audio/download/42151,nava,,,narakeet_audio/652864.mp3,Tamar
655096,heb,דולפינים ולווייתנים אינם דגים.,Dolphins and whales are not fish.,585753,direct,42174,https://tatoeba.org/audio/download/42174,nava,,,narakeet_audio/655096.mp3,Tamar
657137,heb,מזג האוויר השתנה לפתע פתאום.,The weather changed suddenly.,278836,direct,42201,https://tatoeba.org/audio/download/42201,nava,,,narakeet_audio/657137.mp3,Tamar
657162,heb,הספר הוא חברי הטוב ביותר.,The book is my best friend.,657165,direct,42202,https://tatoeba.org/audio/download/42202,nava,,,narakeet_audio/657162.mp3,Tamar
659061,heb,הוא הרים את ידיו.,He raised his hands.,513534,direct,42234,https://tatoeba.org/audio/download/42234,nava,,,narakeet_audio/659061.mp3,Tamar
660470,heb,מהן חמש האותיות הראשונות בכתובת האימייל שלך?,What are the first five letters of your email?,478586,direct,42267,https://tatoeba.org/audio/download/42267,nava,,,narakeet_audio/660470.mp3,Tamar
661207,heb,יש להם מעט ספרים.,They have few books.,322068,direct,42276,https://tatoeba.org/audio/download/42276,nava,,,narakeet_audio/661207.mp3,Tamar
662491,heb,יש משהו שאני לא מבין.,There is something I don't understand.,631004,direct,42301,https://tatoeba.org/audio/download/42301,nava,,,narakeet_audio/662491.mp3,Tamar
663461,heb,נראה לך שדבר כזה אפשרי?,Do you think it likely?,41664,direct,42319,https://tatoeba.org/audio/download/42319,nava,,,narakeet_audio/663461.mp3,Tamar
663605,heb,שבו בבקשה.,"Sit down, please.",38571,direct,42322,https://tatoeba.org/audio/download/42322,nava,,,narakeet_audio/663605.mp3,Tamar
664524,heb,הוא התיישב על המיטה.,He sat on the bed.,292659,direct,42346,https://tatoeba.org/audio/download/42346,nava,,,narakeet_audio/664524.mp3,Tamar
668266,heb,תן לה את זה.,Give it to her.,630617,direct,42387,https://tatoeba.org/audio/download/42387,nava,,,narakeet_audio/668266.mp3,Tamar
668270,heb,"בגלל שירד גשם, נשארתי בבית.","Since it rained, I stayed home.",2438326,direct,42388,https://tatoeba.org/audio/download/42388,nava,,,narakeet_audio/668270.mp3,Tamar
668755,heb,יש לו מספיק כסף כדי לקנות את זה.,He has enough money to buy it.,41776,direct,42396,https://tatoeba.org/audio/download/42396,nava,,,narakeet_audio/668755.mp3,Tamar
670110,heb,שום דבר לא חסר.,Nothing is missing.,264932,direct,42473,https://tatoeba.org/audio/download/42473,nava,,,narakeet_audio/670110.mp3,Tamar
670147,heb,אבי נסע לסין.,My father has gone to China.,319296,direct,42474,https://tatoeba.org/audio/download/42474,nava,,,narakeet_audio/670147.mp3,Tamar
671624,heb,אני עומד לנסוע ברכבת של עשר וחצי.,I'm going to take the 10:30 train.,73418,direct,42493,https://tatoeba.org/audio/download/42493,nava,,,narakeet_audio/671624.mp3,Tamar
672936,heb,מה יקרה אם תהיה עכשיו הפסקת חשמל?,What will happen if there's a power failure now?,241575,direct,42518,https://tatoeba.org/audio/download/42518,nava,,,narakeet_audio/672936.mp3,Tamar
676735,heb,נשאתי את התיק הכבד על גבי.,I carried the heavy bag on my back.,254477,direct,42581,https://tatoeba.org/audio/download/42581,nava,,,narakeet_audio/676735.mp3,Tamar
682681,heb,ארבע כפול שתיים שווה שמונה.,Four multiplied by two is eight.,72604,direct,43028,https://tatoeba.org/audio/download/43028,nava,,,narakeet_audio/682681.mp3,Tamar
683410,heb,הדוד שלי נתן לי מתנה.,My uncle gave me a present.,65062,direct,43035,https://tatoeba.org/audio/download/43035,nava,,,narakeet_audio/683410.mp3,Tamar
683450,heb,עמדנו פנים מול פנים.,We stood face to face.,22990,direct,43038,https://tatoeba.org/audio/download/43038,nava,,,narakeet_audio/683450.mp3,Tamar
684331,heb,לא יכולתי לישון.,I couldn't sleep.,322736,direct,43049,https://tatoeba.org/audio/download/43049,nava,,,narakeet_audio/684331.mp3,Tamar
684464,heb,הוא יכול לשחות מהר מאוד.,He can swim very fast.,292130,direct,43052,https://tatoeba.org/audio/download/43052,nava,,,narakeet_audio/684464.mp3,Tamar
684497,heb,יש לי חוש ריח טוב.,I have a good sense of smell.,326619,direct,43055,https://tatoeba.org/audio/download/43055,nava,,,narakeet_audio/684497.mp3,Tamar
684933,heb,"אף על פי שהוא עשיר, הוא אינו מאושר.","Though he is rich, he is not happy.",295505,direct,43071,https://tatoeba.org/audio/download/43071,nava,,,narakeet_audio/684933.mp3,Tamar
685672,heb,אני גר בעיר גדולה.,I live in a big city.,259357,direct,43078,https://tatoeba.org/audio/download/43078,nava,,,narakeet_audio/685672.mp3,Tamar
686714,heb,נתחיל כשהוא יבוא.,We will start when he comes.,263200,direct,43090,https://tatoeba.org/audio/download/43090,nava,,,narakeet_audio/686714.mp3,Tamar
686941,heb,הוא יודע לדבר וגם לכתוב ברוסית.,He can both speak and write Russian.,293370,direct,43094,https://tatoeba.org/audio/download/43094,nava,,,narakeet_audio/686941.mp3,Tamar
688480,heb,הדרך ארוכה.,The road is long.,370546,direct,43172,https://tatoeba.org/audio/download/43172,nava,,,narakeet_audio/688480.mp3,Tamar
688773,heb,ייתכן שמה שאתה אומר נכון.,You may be right.,17224,direct,43174,https://tatoeba.org/audio/download/43174,nava,,,narakeet_audio/688773.mp3,Tamar
689210,heb,אנגלית אינה שפת האם שלי.,English is not my native language.,26269,direct,43178,https://tatoeba.org/audio/download/43178,nava,,,narakeet_audio/689210.mp3,Tamar
690189,heb,ויקיפדיה היא האנציקלופדיה הטובה באינטרנט.,Wikipedia is the best encyclopedia on the Internet.,552148,direct,43194,https://tatoeba.org/audio/download/43194,nava,,,narakeet_audio/690189.mp3,Tamar
691036,heb,"דרך אגב, הכנת את שיעורי הבית שלך?","By the way, have you done your homework?",38072,direct,43208,https://tatoeba.org/audio/download/43208,nava,,,narakeet_audio/691036.mp3,Tamar
691213,heb,אני מגיעה עוד רגע.,I'll be there in a minute.,52275,direct,43212,https://tatoeba.org/audio/download/43212,nava,,,narakeet_audio/691213.mp3,Tamar
691233,heb,עם מי אתה מדבר?,Who are you talking with?,69105,direct,43213,https://tatoeba.org/audio/download/43213,nava,,,narakeet_audio/691233.mp3,Tamar
692341,heb,הרכבת שלנו עברה דרך מנהרה ארוכה.,Our train went through a long tunnel.,247495,direct,43217,https://tatoeba.org/audio/download/43217,nava,,,narakeet_audio/692341.mp3,Tamar
692348,heb,של מי הספרים האלה?,Whose books are these?,55087,direct,43218,https://tatoeba.org/audio/download/43218,nava,,,narakeet_audio/692348.mp3,Tamar
692411,heb,זו הייתה אהבה ממבט ראשון.,It was love at first sight.,456157,direct,43219,https://tatoeba.org/audio/download/43219,nava,,,narakeet_audio/692411.mp3,Tamar
693515,heb,הגעתי הביתה בשעה שבע.,I got home at seven.,252622,direct,43240,https://tatoeba.org/audio/download/43240,nava,,,narakeet_audio/693515.mp3,Tamar
693623,heb,אתה בוודאי מתלוצץ!,You must be joking!,268461,direct,43246,https://tatoeba.org/audio/download/43246,nava,,,narakeet_audio/693623.mp3,Tamar
693640,heb,"ביל, פתח את הדלת!","Bill, open the door.",674460,direct,43247,https://tatoeba.org/audio/download/43247,nava,,,narakeet_audio/693640.mp3,Tamar
694353,heb,התחלתי לכתוב את הספר.,I started writing the book.,421681,direct,43264,https://tatoeba.org/audio/download/43264,nava,,,narakeet_audio/694353.mp3,Tamar
694360,heb,הוא השר הממונה על איכות הסביבה.,He is the minister responsible for the environment.,283505,direct,43265,https://tatoeba.org/audio/download/43265,nava,,,narakeet_audio/694360.mp3,Tamar
694541,heb,בן כמה תהיה בשנה הבאה?,How old will you be next year?,17630,direct,43273,https://tatoeba.org/audio/download/43273,nava,,,narakeet_audio/694541.mp3,Tamar
695594,heb,הייתי במהלך אפיית עוגה.,I was making a cake.,62642,direct,43283,https://tatoeba.org/audio/download/43283,nava,,,narakeet_audio/695594.mp3,Tamar
695603,heb,אני שמחה לשמוע את החדשות האלה.,I am glad to hear the news.,254557,direct,43284,https://tatoeba.org/audio/download/43284,nava,,,narakeet_audio/695603.mp3,Tamar
696878,heb,בדרך כלל אני מתקלח בערב.,I usually shower at night.,662322,direct,43294,https://tatoeba.org/audio/download/43294,nava,,,narakeet_audio/696878.mp3,Tamar
697294,heb,"בוקר טוב, מה שלומך?","Good morning, how are you?",3249362,direct,43301,https://tatoeba.org/audio/download/43301,nava,,,narakeet_audio/697294.mp3,Tamar
698867,heb,במה אוכל לעזור לך?,How may I serve you?,1582010,direct,43387,https://tatoeba.org/audio/download/43387,nava,,,narakeet_audio/698867.mp3,Tamar
698987,heb,שיהיה לך יום נעים.,Have a nice day.,30085,direct,43397,https://tatoeba.org/audio/download/43397,nava,,,narakeet_audio/698987.mp3,Tamar
701678,heb,אתה נשאר בבית?,Will you stay at home?,16246,direct,43465,https://tatoeba.org/audio/download/43465,nava,,,narakeet_audio/701678.mp3,Tamar
701809,heb,אני לא מכיר אותו.,I don't know him.,2319,direct,43468,https://tatoeba.org/audio/download/43468,nava,,,narakeet_audio/701809.mp3,Tamar
702768,heb,"רק רגע, בבקשה.","Hold on a moment, please.",40045,direct,43480,https://tatoeba.org/audio/download/43480,nava,,,narakeet_audio/702768.mp3,Tamar
703529,heb,קמתי בערך בחמש.,I got up about five.,252595,direct,43602,https://tatoeba.org/audio/download/43602,nava,,,narakeet_audio/703529.mp3,Tamar
703530,heb,קמתי לקראת השעה חמש.,I got up about five.,252595,direct,43603,https://tatoeba.org/audio/download/43603,nava,,,narakeet_audio/703530.mp3,Tamar
703601,heb,הוא מבוגר ממני בשלוש שנים.,He's three years older than me.,392148,direct,43604,https://tatoeba.org/audio/download/43604,nava,,,narakeet_audio/703601.mp3,Tamar
703840,heb,יש לה קול נעים.,She has an agreeable voice.,309497,direct,43607,https://tatoeba.org/audio/download/43607,nava,,,narakeet_audio/703840.mp3,Tamar
704602,heb,יש לה מאות ספרים.,She has hundreds of books.,312832,direct,43629,https://tatoeba.org/audio/download/43629,nava,,,narakeet_audio/704602.mp3,Tamar
704863,heb,הוא מגיע לבית הספר באופניים.,He goes to school by bicycle.,298479,direct,43637,https://tatoeba.org/audio/download/43637,nava,,,narakeet_audio/704863.mp3,Tamar
706734,heb,תמיד יש הפעם הבאה.,There is always a next time.,318247,direct,43668,https://tatoeba.org/audio/download/43668,nava,,,narakeet_audio/706734.mp3,Tamar
711307,heb,האם יש מספיק כיסאות בשביל כולם?,Are there enough chairs for everyone?,711306,direct,43973,https://tatoeba.org/audio/download/43973,nava,,,narakeet_audio/711307.mp3,Tamar
714811,heb,"לפי דעתי, הוא צודק.","In my opinion, he is correct.",388737,direct,44047,https://tatoeba.org/audio/download/44047,nava,,,narakeet_audio/714811.mp3,Tamar
725775,heb,הוא נראה אדם טוב לב.,He seems like a good person.,288947,direct,44170,https://tatoeba.org/audio/download/44170,nava,,,narakeet_audio/725775.mp3,Tamar
725789,heb,היא קראה את הספר במשך כל הלילה.,She read the book all night.,312604,direct,44171,https://tatoeba.org/audio/download/44171,nava,,,narakeet_audio/725789.mp3,Tamar
732872,heb,כמה זה עולה?,How much is it?,2418,direct,44225,https://tatoeba.org/audio/download/44225,nava,,,narakeet_audio/732872.mp3,Tamar
733458,heb,"שלום, עם מי אני מדבר?","Hello, who is this?",409194,direct,44228,https://tatoeba.org/audio/download/44228,nava,,,narakeet_audio/733458.mp3,Tamar
733921,heb,איפה הכניסה?,Where's the entrance?,1458160,direct,44233,https://tatoeba.org/audio/download/44233,nava,,,narakeet_audio/733921.mp3,Tamar
734116,heb,הזמן עבר מהר מאוד.,Time has passed very fast.,2217,direct,44236,https://tatoeba.org/audio/download/44236,nava,,,narakeet_audio/734116.mp3,Tamar
734764,heb,איפה בית הספר שלך?,Where is your school?,17283,direct,44239,https://tatoeba.org/audio/download/44239,nava,,,narakeet_audio/734764.mp3,Tamar
738236,heb,אתמול בערב קרה דבר מוזר.,A strange thing happened last night.,30150,direct,44271,https://tatoeba.org/audio/download/44271,nava,,,narakeet_audio/738236.mp3,Tamar
738249,heb,כולנו בילינו נהדר.,We all had such a good time.,23120,direct,44272,https://tatoeba.org/audio/download/44272,nava,,,narakeet_audio/738249.mp3,Tamar
738905,heb,אנחנו כאן כדי לעזור להם.,We're here to help them.,464458,direct,44274,https://tatoeba.org/audio/download/44274,nava,,,narakeet_audio/738905.mp3,Tamar
738906,heb,אנחנו כאן כדי לעזור להן.,We're here to help them.,464458,direct,44275,https://tatoeba.org/audio/download/44275,nava,,,narakeet_audio/738906.mp3,Tamar
738974,heb,מי מלמד אתכם צרפתית?,Who teaches you French?,40482,direct,44277,https://tatoeba.org/audio/download/44277,nava,,,narakeet_audio/738974.mp3,Tamar
741731,heb,"הלוח הזה לא שחור, אלא ירוק.","This blackboard is not black, but green.",59238,direct,44304,https://tatoeba.org/audio/download/44304,nava,,,narakeet_audio/741731.mp3,Tamar
742994,heb,את אוהבת שוקולד לבן?,Do you like white chocolate?,568748,direct,44320,https://tatoeba.org/audio/download/44320,nava,,,narakeet_audio/742994.mp3,Tamar
744682,heb,הוא עשה זאת.,He made it.,300301,direct,44341,https://tatoeba.org/audio/download/44341,nava,,,narakeet_audio/744682.mp3,Tamar
746792,heb,אל תשכח להיפגש אתו מחר.,Remember to see him tomorrow.,323072,direct,44367,https://tatoeba.org/audio/download/44367,nava,,,narakeet_audio/746792.mp3,Tamar
746859,heb,איך הגעת לכאן?,How did you come here?,37564,direct,44368,https://tatoeba.org/audio/download/44368,nava,,,narakeet_audio/746859.mp3,Tamar
751975,heb,קפל את הנייר באמצע.,Fold the paper in the middle.,47336,direct,44432,https://tatoeba.org/audio/download/44432,nava,,,narakeet_audio/751975.mp3,Tamar
763490,heb,אנחנו רואים באמצעות העיניים שלנו.,We see with our eyes.,249430,direct,44602,https://tatoeba.org/audio/download/44602,nava,,,narakeet_audio/763490.mp3,Tamar
766884,heb,האנשים שגרים כאן הם חברים שלנו.,The people who reside here are our friends.,965552,direct,44634,https://tatoeba.org/audio/download/44634,nava,,,narakeet_audio/766884.mp3,Tamar
767359,heb,אני חושב שאתם צודקים.,I think you're right.,17212,direct,44638,https://tatoeba.org/audio/download/44638,nava,,,narakeet_audio/767359.mp3,Tamar
767382,heb,יום הולדת שמח!,Happy birthday to you!,64233,direct,44639,https://tatoeba.org/audio/download/44639,nava,,,narakeet_audio/767382.mp3,Tamar
767987,heb,מה את אומרת על זה?,How do you feel about it?,43038,direct,44645,https://tatoeba.org/audio/download/44645,nava,,,narakeet_audio/767987.mp3,Tamar
768120,heb,אתה רץ כל יום?,Do you run every day?,68918,direct,44646,https://tatoeba.org/audio/download/44646,nava,,,narakeet_audio/768120.mp3,Tamar
768174,heb,אח שלי קנה לעצמו גיטרה חשמלית.,My brother bought an electric guitar.,237852,direct,44647,https://tatoeba.org/audio/download/44647,nava,,,narakeet_audio/768174.mp3,Tamar
768179,heb,חתולים רואים בחושך.,Cats have the ability to see in the dark.,282045,direct,44648,https://tatoeba.org/audio/download/44648,nava,,,narakeet_audio/768179.mp3,Tamar
768222,heb,את יכולה להגיד לי במה מדובר?,Can you tell me what this is about?,3202093,direct,44649,https://tatoeba.org/audio/download/44649,nava,,,narakeet_audio/768222.mp3,Tamar
768226,heb,קל לראות את הזיקוקין משם.,It's easy to see the fireworks from over there.,71796,direct,44650,https://tatoeba.org/audio/download/44650,nava,,,narakeet_audio/768226.mp3,Tamar
768423,heb,אני זוכרת שראיתי אותה בעבר.,I remember seeing her before.,308832,direct,44653,https://tatoeba.org/audio/download/44653,nava,,,narakeet_audio/768423.mp3,Tamar
768484,heb,סיימת את העבודה?,Did you finish the job?,69972,direct,44654,https://tatoeba.org/audio/download/44654,nava,,,narakeet_audio/768484.mp3,Tamar
769077,heb,אני צריכה לחזור הביתה.,I have to go home.,256788,direct,44670,https://tatoeba.org/audio/download/44670,nava,,,narakeet_audio/769077.mp3,Tamar
769174,heb,האם היהלום הזה אמיתי?,Is this diamond real?,60914,direct,44672,https://tatoeba.org/audio/download/44672,nava,,,narakeet_audio/769174.mp3,Tamar
769394,heb,הוא אמר לי שאבא שלו מורה.,He told me that his father was a teacher.,298829,direct,44677,https://tatoeba.org/audio/download/44677,nava,,,narakeet_audio/769394.mp3,Tamar
769458,heb,"המורה שלנו אומרת: ""ברור שאתם מסוגלים.""","Our teacher says: ""Of course you can.""",3249359,direct,44687,https://tatoeba.org/audio/download/44687,nava,,,narakeet_audio/769458.mp3,Tamar
786204,heb,יש לה משפחה גדולה.,She has a big family.,786207,direct,45199,https://tatoeba.org/audio/download/45199,nava,,,narakeet_audio/786204.mp3,Tamar
786396,heb,אני אוהבת את הטבע.,I love nature.,769668,direct,45202,https://tatoeba.org/audio/download/45202,nava,,,narakeet_audio/786396.mp3,Tamar
789723,heb,אני לא בטוחה בכך.,I am not certain about that.,254761,direct,45289,https://tatoeba.org/audio/download/45289,nava,,,narakeet_audio/789723.mp3,Tamar
789751,heb,אחזור בשעה שש וחצי.,I will be back at half past six.,262301,direct,45291,https://tatoeba.org/audio/download/45291,nava,,,narakeet_audio/789751.mp3,Tamar
801511,heb,מי הבא בתור?,Whose turn is it next?,54805,direct,45461,https://tatoeba.org/audio/download/45461,nava,,,narakeet_audio/801511.mp3,Tamar
803668,heb,הקיפוד הוא חיה קטנה.,The hedgehog is a small animal.,803658,direct,45497,https://tatoeba.org/audio/download/45497,nava,,,narakeet_audio/803668.mp3,Tamar
826019,heb,זה ארוך מדי.,This is too long.,55500,direct,45750,https://tatoeba.org/audio/download/45750,nava,,,narakeet_audio/826019.mp3,Tamar
871253,heb,הם בערך באותו גיל.,They are about the same age.,406349,direct,46262,https://tatoeba.org/audio/download/46262,nava,,,narakeet_audio/871253.mp3,Tamar
996342,heb,יש תפוז על השולחן.,There is an orange on the table.,39619,direct,50472,https://tatoeba.org/audio/download/50472,nava,,,narakeet_audio/996342.mp3,Tamar
1015200,heb,הכרטיס הזה תקף לשלושה חודשים.,This ticket is valid for three months.,56473,direct,50840,https://tatoeba.org/audio/download/50840,nava,,,narakeet_audio/1015200.mp3,Tamar
1017983,heb,טום לא מסתכל עכשיו בטלוויזיה.,Tom isn't watching TV now.,37142,direct,50892,https://tatoeba.org/audio/download/50892,nava,,,narakeet_audio/1017983.mp3,Tamar
1017989,heb,תוכל לומר לי מה השעה?,Can you tell me the time?,264007,direct,50893,https://tatoeba.org/audio/download/50893,nava,,,narakeet_audio/1017989.mp3,Tamar
1034542,heb,ספר לנו את הסיפור מההתחלה עד הסוף.,Tell us the story from beginning to end.,43265,direct,57479,https://tatoeba.org/audio/download/57479,nava,,,narakeet_audio/1034542.mp3,Tamar
1039052,heb,אביו היה שוטר.,His father was a policeman.,847131,direct,57558,https://tatoeba.org/audio/download/57558,nava,,,narakeet_audio/1039052.mp3,Tamar
1039115,heb,אין שום דבר חשוב יותר מאשר חברות.,There is nothing more important than friendship.,924626,direct,57560,https://tatoeba.org/audio/download/57560,nava,,,narakeet_audio/1039115.mp3,Tamar
1040214,heb,"בכל פעם שהם נפגשים, הם רבים.","Every time they meet, they quarrel.",306278,direct,57594,https://tatoeba.org/audio/download/57594,nava,,,narakeet_audio/1040214.mp3,Tamar
1045276,heb,"בדיוק כשיצאתי החוצה, התחיל לרדת גשם.","Just as I went to go out, it began to rain.",40137,direct,57954,https://tatoeba.org/audio/download/57954,nava,,,narakeet_audio/1045276.mp3,Tamar
1047281,heb,מעולם לא ראיתי נהר יפה כל כך.,I've never seen a river so pretty.,1559504,direct,58014,https://tatoeba.org/audio/download/58014,nava,,,narakeet_audio/1047281.mp3,Tamar
1050431,heb,הוא קרא ספר שנכתב באנגלית.,He read a book written in English.,293965,direct,58066,https://tatoeba.org/audio/download/58066,nava,,,narakeet_audio/1050431.mp3,Tamar
1050534,heb,היא חשבה שאני רופא.,She thought that I was a doctor.,492633,direct,58068,https://tatoeba.org/audio/download/58068,nava,,,narakeet_audio/1050534.mp3,Tamar
1050971,heb,איזה ספר מעניין!,What an interesting book this is!,55851,direct,58074,https://tatoeba.org/audio/download/58074,nava,,,narakeet_audio/1050971.mp3,Tamar
1050992,heb,אני אוהבת לחיות כאן.,I like living here.,1050988,direct,58077,https://tatoeba.org/audio/download/58077,nava,,,narakeet_audio/1050992.mp3,Tamar
1053238,heb,מה הם רוצים?,What are they after?,306228,direct,58114,https://tatoeba.org/audio/download/58114,nava,,,narakeet_audio/1053238.mp3,Tamar
1053389,heb,האחיות די דומות זו לזו.,The sisters are quite alike.,47564,direct,58120,https://tatoeba.org/audio/download/58120,nava,,,narakeet_audio/1053389.mp3,Tamar
1054937,heb,התינוק חייך אליי.,The baby smiled at me.,272361,direct,58146,https://tatoeba.org/audio/download/58146,nava,,,narakeet_audio/1054937.mp3,Tamar
1054938,heb,התינוקת חייכה אליי.,The baby smiled at me.,272361,direct,58147,https://tatoeba.org/audio/download/58147,nava,,,narakeet_audio/1054938.mp3,Tamar
1065620,heb,שאלתי את הספר הזה ממנו.,I borrowed this book from him.,260282,direct,58725,https://tatoeba.org/audio/download/58725,nava,,,narakeet_audio/1065620.mp3,Tamar
1068578,heb,פתאום אמי התחילה לשיר.,"All of a sudden, my mother began to sing.",63977,direct,58781,https://tatoeba.org/audio/download/58781,nava,,,narakeet_audio/1068578.mp3,Tamar
1079919,heb,האוכל הזה מלוח מדי.,This food is too salty.,56506,direct,59141,https://tatoeba.org/audio/download/59141,nava,,,narakeet_audio/1079919.mp3,Tamar
1085063,heb,איפה אני צריך לשבת?,Where should I sit?,38130,direct,59195,https://tatoeba.org/audio/download/59195,nava,,,narakeet_audio/1085063.mp3,Tamar
1089576,heb,אני אף פעם לא מאחר לבית הספר.,I'm never late for school.,321793,direct,59277,https://tatoeba.org/audio/download/59277,nava,,,narakeet_audio/1089576.mp3,Tamar
1090285,heb,איפה גר סבא שלך?,Where does your grandpa live?,394891,direct,59292,https://tatoeba.org/audio/download/59292,nava,,,narakeet_audio/1090285.mp3,Tamar
1090688,heb,קפצתי מרוב אושר.,I jumped for joy.,20687,direct,59297,https://tatoeba.org/audio/download/59297,nava,,,narakeet_audio/1090688.mp3,Tamar
1101033,heb,כמעט ואין מים בבקבוק הזה.,There is almost no water in this bottle.,57409,direct,63501,https://tatoeba.org/audio/download/63501,nava,,,narakeet_audio/1101033.mp3,Tamar
1101708,heb,מה שלום אמא שלך?,How's your mother?,533746,direct,63509,https://tatoeba.org/audio/download/63509,nava,,,narakeet_audio/1101708.mp3,Tamar
1127376,heb,הם בנו גשר.,They constructed a bridge.,306382,direct,64763,https://tatoeba.org/audio/download/64763,nava,,,narakeet_audio/1127376.mp3,Tamar
1160854,heb,הילד הזה רץ.,That boy is running.,68203,direct,66070,https://tatoeba.org/audio/download/66070,nava,,,narakeet_audio/1160854.mp3,Tamar
1164083,heb,איטליה היא ארץ יפה מאוד.,Italy is a very beautiful country.,1658,direct,66111,https://tatoeba.org/audio/download/66111,nava,,,narakeet_audio/1164083.mp3,Tamar
1177438,heb,לתום יש שלושה עצי תפוח בחצר.,Tom has three apple trees in his yard.,1025305,direct,66814,https://tatoeba.org/audio/download/66814,nava,,,narakeet_audio/1177438.mp3,Tamar
1187300,heb,המכונית שלך יקרה יותר משלי.,Your car is more expensive than mine.,1104816,direct,67116,https://tatoeba.org/audio/download/67116,nava,,,narakeet_audio/1187300.mp3,Tamar
1193602,heb,אני הולכת עכשיו הביתה.,I'm going home now.,56277,direct,67256,https://tatoeba.org/audio/download/67256,nava,,,narakeet_audio/1193602.mp3,Tamar
1204203,heb,"כן, אני באה!","Yes, I'm coming!",35584,direct,67484,https://tatoeba.org/audio/download/67484,nava,,,narakeet_audio/1204203.mp3,Tamar
1208853,heb,אני מקווה שזה ימצא חן בעיניך.,I hope you'll like it.,20388,direct,67566,https://tatoeba.org/audio/download/67566,nava,,,narakeet_audio/1208853.mp3,Tamar
1209688,heb,יש כלב חום קטן מתחת לשולחן הזה.,There is a small brown dog under that table.,851972,direct,67577,https://tatoeba.org/audio/download/67577,nava,,,narakeet_audio/1209688.mp3,Tamar
1215471,heb,אני רוצה לגור בעיר גדולה.,I want to live in a big city.,774903,direct,67682,https://tatoeba.org/audio/download/67682,nava,,,narakeet_audio/1215471.mp3,Tamar
1215530,heb,יש לי דעה שונה משלך.,My opinion is different from yours.,250435,direct,67683,https://tatoeba.org/audio/download/67683,nava,,,narakeet_audio/1215530.mp3,Tamar
1232361,heb,למה אתה מתכוון?,What do you mean?,24706,direct,67970,https://tatoeba.org/audio/download/67970,nava,,,narakeet_audio/1232361.mp3,Tamar
1236596,heb,נראה שיש לי חום.,I seem to have a temperature.,38380,direct,68042,https://tatoeba.org/audio/download/68042,nava,,,narakeet_audio/1236596.mp3,Tamar
1254298,heb,עלה במוחי רעיון.,An idea occurred to me.,27859,direct,68306,https://tatoeba.org/audio/download/68306,nava,,,narakeet_audio/1254298.mp3,Tamar
1285190,heb,אני מרגישה כאילו חלמתי.,I feel as if I were dreaming.,255684,direct,68750,https://tatoeba.org/audio/download/68750,nava,,,narakeet_audio/1285190.mp3,Tamar
1289932,heb,זהו צילום של הציור שלי.,This is a photograph of my drawing.,3249495,direct,68814,https://tatoeba.org/audio/download/68814,nava,,,narakeet_audio/1289932.mp3,Tamar
1290772,heb,צפיתי במשחק מתחילתו ועד סופו.,I watched the game from beginning to end.,252172,direct,68832,https://tatoeba.org/audio/download/68832,nava,,,narakeet_audio/1290772.mp3,Tamar
1291012,heb,הוא רק בן עשרים ושש וכבר מנהל חברות גדולות.,He is only twenty-six years old and already managing large companies.,1745257,direct,68835,https://tatoeba.org/audio/download/68835,nava,,,narakeet_audio/1291012.mp3,Tamar
1291400,heb,היא נכנסה לפתע לחדר.,She burst into the room.,316831,direct,68855,https://tatoeba.org/audio/download/68855,nava,,,narakeet_audio/1291400.mp3,Tamar
1294702,heb,"סוף טוב, הכול טוב.",All's well that ends well.,266387,direct,68966,https://tatoeba.org/audio/download/68966,nava,,,narakeet_audio/1294702.mp3,Tamar
1304001,heb,על טעם ועל ריח אין להתווכח.,Tastes differ.,266093,direct,69102,https://tatoeba.org/audio/download/69102,nava,,,narakeet_audio/1304001.mp3,Tamar
1312602,heb,התפוח הזה אדום מאוד.,This apple is very red.,60350,direct,69298,https://tatoeba.org/audio/download/69298,nava,,,narakeet_audio/1312602.mp3,Tamar
1329605,heb,אני מקווה שמחר יירד גשם.,I hope it rains tomorrow.,323047,direct,70074,https://tatoeba.org/audio/download/70074,nava,,,narakeet_audio/1329605.mp3,Tamar
1347058,heb,זה מה שאנחנו רוצים לדעת.,This is what we want to know.,56190,direct,70730,https://tatoeba.org/audio/download/70730,nava,,,narakeet_audio/1347058.mp3,Tamar
1349435,heb,אני עדיין לא מוכן.,I'm not ready yet.,32716,direct,70753,https://tatoeba.org/audio/download/70753,nava,,,narakeet_audio/1349435.mp3,Tamar
1349705,heb,בואי נסתכל בטלוויזיה.,Let's watch TV.,39186,direct,70761,https://tatoeba.org/audio/download/70761,nava,,,narakeet_audio/1349705.mp3,Tamar
1358766,heb,הם הולכים ללא נעליים.,They're walking without shoes.,1109894,direct,70888,https://tatoeba.org/audio/download/70888,nava,,,narakeet_audio/1358766.mp3,Tamar
1361361,heb,המים האלו טעימים.,This water tastes good.,58297,direct,70945,https://tatoeba.org/audio/download/70945,nava,,,narakeet_audio/1361361.mp3,Tamar
1361504,heb,אן שחתה לצד השני של הנהר.,Ann swam across the river.,66839,direct,70946,https://tatoeba.org/audio/download/70946,nava,,,narakeet_audio/1361504.mp3,Tamar
1361648,heb,היא שמעה אותו שר.,She heard him sing.,887198,direct,70947,https://tatoeba.org/audio/download/70947,nava,,,narakeet_audio/1361648.mp3,Tamar
1361692,heb,חברי משפט עם שלושה פעלים.,Write a sentence containing three verbs.,1361693,direct,70948,https://tatoeba.org/audio/download/70948,nava,,,narakeet_audio/1361692.mp3,Tamar
1362335,heb,ישנתי רק שעתיים.,I slept only two hours.,280860,direct,70964,https://tatoeba.org/audio/download/70964,nava,,,narakeet_audio/1362335.mp3,Tamar
1363802,heb,הוא הביט בי בהפתעה.,He looked at me in surprise.,295385,direct,70990,https://tatoeba.org/audio/download/70990,nava,,,narakeet_audio/1363802.mp3,Tamar
1363941,heb,כדור הארץ קטן מהשמש.,The earth is smaller than the sun.,744506,direct,70991,https://tatoeba.org/audio/download/70991,nava,,,narakeet_audio/1363941.mp3,Tamar
1363958,heb,מה את רוצה לעשות?,What do you want to do?,24759,direct,70992,https://tatoeba.org/audio/download/70992,nava,,,narakeet_audio/1363958.mp3,Tamar
1363994,heb,הוא הבטיח שלא לאחר שוב.,He promised not to be late again.,649806,direct,70993,https://tatoeba.org/audio/download/70993,nava,,,narakeet_audio/1363994.mp3,Tamar
1364116,heb,היא שרה היטב.,She sings well.,312882,direct,70994,https://tatoeba.org/audio/download/70994,nava,,,narakeet_audio/1364116.mp3,Tamar
1364223,heb,הצלחתי להיכנס.,I managed to get in.,2417,direct,70995,https://tatoeba.org/audio/download/70995,nava,,,narakeet_audio/1364223.mp3,Tamar
1364243,heb,אלו האופניים שלי.,This is my bike.,386699,direct,70996,https://tatoeba.org/audio/download/70996,nava,,,narakeet_audio/1364243.mp3,Tamar
1364330,heb,מה משמעות המשפט הזה?,What does this sentence mean?,1064475,direct,70997,https://tatoeba.org/audio/download/70997,nava,,,narakeet_audio/1364330.mp3,Tamar
1364937,heb,פריז היא אחת מהערים בהן ביקרתי בשנה שעברה.,Paris is one of the cities I visited last year.,703268,direct,71023,https://tatoeba.org/audio/download/71023,nava,,,narakeet_audio/1364937.mp3,Tamar
1365703,heb,החיים מלאי הרפתקאות.,Life is full of adventure.,270592,direct,71030,https://tatoeba.org/audio/download/71030,nava,,,narakeet_audio/1365703.mp3,Tamar
1366317,heb,הוא מסתפר שלוש פעמים בחודש.,He gets a haircut three times a month.,295904,direct,71044,https://tatoeba.org/audio/download/71044,nava,,,narakeet_audio/1366317.mp3,Tamar
1366549,heb,הוא נכנס לחדר.,He entered the room.,303396,direct,71046,https://tatoeba.org/audio/download/71046,nava,,,narakeet_audio/1366549.mp3,Tamar
1366590,heb,מה שלום אחותך היום?,How's your sister today?,1218340,direct,71047,https://tatoeba.org/audio/download/71047,nava,,,narakeet_audio/1366590.mp3,Tamar
1366741,heb,אבי ואמי ישבו תחת העץ.,My father and mother were sitting under a tree.,318885,direct,71049,https://tatoeba.org/audio/download/71049,nava,,,narakeet_audio/1366741.mp3,Tamar
1366748,heb,אכלנו יחד ארוחת צהרים.,We were eating lunch together.,248426,direct,71050,https://tatoeba.org/audio/download/71050,nava,,,narakeet_audio/1366748.mp3,Tamar
1367200,heb,מהירות האור עולה על מהירות הקול.,Light travels faster than sound.,240394,direct,71052,https://tatoeba.org/audio/download/71052,nava,,,narakeet_audio/1367200.mp3,Tamar
1367447,heb,שילמתי לו ארבעה דולר.,I paid him four dollars.,260399,direct,71053,https://tatoeba.org/audio/download/71053,nava,,,narakeet_audio/1367447.mp3,Tamar
1367670,heb,להתראות בשבוע הבא.,See you next week.,1476653,direct,71055,https://tatoeba.org/audio/download/71055,nava,,,narakeet_audio/1367670.mp3,Tamar
1367710,heb,הוא עכשיו מכין שיעורי בית.,He is doing his homework now.,3249341,direct,71057,https://tatoeba.org/audio/download/71057,nava,,,narakeet_audio/1367710.mp3,Tamar
1369057,heb,עשר פחות שתיים שווה שמונה.,Two from ten leaves eight.,73473,direct,71066,https://tatoeba.org/audio/download/71066,nava,,,narakeet_audio/1369057.mp3,Tamar
1370714,heb,הנחש הזה חי או מת?,Is the snake alive or dead?,49936,direct,71119,https://tatoeba.org/audio/download/71119,nava,,,narakeet_audio/1370714.mp3,Tamar
1372276,heb,מה קורה פה?,What is going on?,25158,direct,71136,https://tatoeba.org/audio/download/71136,nava,,,narakeet_audio/1372276.mp3,Tamar
1384302,heb,"כיוון שירד גשם, נשארנו בבית.","Since it was raining, we stayed at home.",26948,direct,71157,https://tatoeba.org/audio/download/71157,nava,,,narakeet_audio/1384302.mp3,Tamar
1385919,heb,באוטובוס הזה יש מקום לחמישים איש.,This bus can hold fifty people.,60679,direct,71175,https://tatoeba.org/audio/download/71175,nava,,,narakeet_audio/1385919.mp3,Tamar
1386151,heb,הבית נצבע על ידי אבא שלי.,The house was being painted by my father.,49327,direct,71176,https://tatoeba.org/audio/download/71176,nava,,,narakeet_audio/1386151.mp3,Tamar
1388101,heb,היתה לו בת אחת.,He had one daughter.,322866,direct,71201,https://tatoeba.org/audio/download/71201,nava,,,narakeet_audio/1388101.mp3,Tamar
1391102,heb,מה אתה מנסה לעשות?,What are you trying to do?,69595,direct,71257,https://tatoeba.org/audio/download/71257,nava,,,narakeet_audio/1391102.mp3,Tamar
1391419,heb,"סיימתי הכל, חוץ מהעמוד האחרון.",I've finished all except the last page.,243915,direct,71260,https://tatoeba.org/audio/download/71260,nava,,,narakeet_audio/1391419.mp3,Tamar
1391881,heb,טום לא מצא את המשקפיים שלו.,Tom couldn't find his glasses.,1026546,direct,71274,https://tatoeba.org/audio/download/71274,nava,,,narakeet_audio/1391881.mp3,Tamar
1391883,heb,טום לא הצליח למצוא את משקפיו.,Tom couldn't find his glasses.,1026546,direct,71276,https://tatoeba.org/audio/download/71276,nava,,,narakeet_audio/1391883.mp3,Tamar
1392194,heb,מה עלי לעשות?,What do I have to do?,530044,direct,71279,https://tatoeba.org/audio/download/71279,nava,,,narakeet_audio/1392194.mp3,Tamar
1393889,heb,הוא פתח את הדלת.,He opened the door.,291909,direct,71324,https://tatoeba.org/audio/download/71324,nava,,,narakeet_audio/1393889.mp3,Tamar
1393914,heb,נתתי את זה לילד הקטן.,I gave it to the little boy.,254828,direct,71325,https://tatoeba.org/audio/download/71325,nava,,,narakeet_audio/1393914.mp3,Tamar
1396009,heb,בקהל היו בעיקר בני נוער.,The audience were mostly adolescents.,277931,direct,71357,https://tatoeba.org/audio/download/71357,nava,,,narakeet_audio/1396009.mp3,Tamar
1396064,heb,טום הוא נהג אוטובוס.,Tom is a bus driver.,1396042,direct,71364,https://tatoeba.org/audio/download/71364,nava,,,narakeet_audio/1396064.mp3,Tamar
1397816,heb,מה העניין?,What's the matter?,394894,direct,71475,https://tatoeba.org/audio/download/71475,nava,,,narakeet_audio/1397816.mp3,Tamar
1397968,heb,אנו זזים קדימה.,Here we go.,54243,direct,71478,https://tatoeba.org/audio/download/71478,nava,,,narakeet_audio/1397968.mp3,Tamar
1398975,heb,הוא קם על רגליו.,He stood up.,517531,direct,71504,https://tatoeba.org/audio/download/71504,nava,,,narakeet_audio/1398975.mp3,Tamar
1399171,heb,נהג בצורה בטוחה.,Drive safely.,484648,direct,71506,https://tatoeba.org/audio/download/71506,nava,,,narakeet_audio/1399171.mp3,Tamar
1399419,heb,היא בת שמונה.,She is eight.,310214,direct,71508,https://tatoeba.org/audio/download/71508,nava,,,narakeet_audio/1399419.mp3,Tamar
1399436,heb,היא מכירה אותי.,She knows me.,314454,direct,71509,https://tatoeba.org/audio/download/71509,nava,,,narakeet_audio/1399436.mp3,Tamar
1399461,heb,אנו מאושרים.,We are happy.,438940,direct,71510,https://tatoeba.org/audio/download/71510,nava,,,narakeet_audio/1399461.mp3,Tamar
1399518,heb,הוא לומד ברגע זה.,He's studying now.,593282,direct,71511,https://tatoeba.org/audio/download/71511,nava,,,narakeet_audio/1399518.mp3,Tamar
1399523,heb,"טוב, ואתה?",Fine. And you?,377816,direct,71512,https://tatoeba.org/audio/download/71512,nava,,,narakeet_audio/1399523.mp3,Tamar
1399653,heb,שמור על קשר!,Keep in touch!,326314,direct,71515,https://tatoeba.org/audio/download/71515,nava,,,narakeet_audio/1399653.mp3,Tamar
1399670,heb,אני יכול להיכנס?,May I come in?,456355,direct,71517,https://tatoeba.org/audio/download/71517,nava,,,narakeet_audio/1399670.mp3,Tamar
1400053,heb,כריש הוא דג ואילו דולפין הוא יונק.,A shark is a fish while a dolphin is a mammal.,1363567,direct,71521,https://tatoeba.org/audio/download/71521,nava,,,narakeet_audio/1400053.mp3,Tamar
1401897,heb,איזה לילה יפה!,What a beautiful night!,1300117,direct,71556,https://tatoeba.org/audio/download/71556,nava,,,narakeet_audio/1401897.mp3,Tamar
1403787,heb,יש לה עיניים יפות.,She has beautiful eyes.,413001,direct,71575,https://tatoeba.org/audio/download/71575,nava,,,narakeet_audio/1403787.mp3,Tamar
1403810,heb,נא לפנות שמאלה בפנייה הראשונה.,Please turn left at the first corner.,244020,direct,71576,https://tatoeba.org/audio/download/71576,nava,,,narakeet_audio/1403810.mp3,Tamar
1404198,heb,הארנב התחבא מאחורי העץ.,The hare hid behind the tree.,65629,direct,71578,https://tatoeba.org/audio/download/71578,nava,,,narakeet_audio/1404198.mp3,Tamar
1404725,heb,תוכל לעזור לי לשמור על הילדים?,Can you help look after the kids?,953152,direct,71586,https://tatoeba.org/audio/download/71586,nava,,,narakeet_audio/1404725.mp3,Tamar
1404843,heb,העץ הזה ירוק כל השנה.,The tree is green all year round.,43802,direct,71587,https://tatoeba.org/audio/download/71587,nava,,,narakeet_audio/1404843.mp3,Tamar
1404997,heb,אני רצה כל יום.,I run every day.,261849,direct,71589,https://tatoeba.org/audio/download/71589,nava,,,narakeet_audio/1404997.mp3,Tamar
1407331,heb,התוכל ללמד אותי לשחק שחמט?,Can you teach me to play chess?,995306,direct,71605,https://tatoeba.org/audio/download/71605,nava,,,narakeet_audio/1407331.mp3,Tamar
1407525,heb,התחיל לרדת גשם לפני שהגעתי הביתה.,It began to rain before I got home.,246693,direct,71607,https://tatoeba.org/audio/download/71607,nava,,,narakeet_audio/1407525.mp3,Tamar
1407594,heb,יש לצחצח שיניים לפחות פעמיים ביום.,You should brush your teeth at least twice a day.,27432,direct,71608,https://tatoeba.org/audio/download/71608,nava,,,narakeet_audio/1407594.mp3,Tamar
1407676,heb,הייתי עייף מדי מכדי להמשיך לעבוד.,I was too tired to go on working.,261412,direct,71609,https://tatoeba.org/audio/download/71609,nava,,,narakeet_audio/1407676.mp3,Tamar
1407716,heb,טום צריך לקנות מעיל גשם חדש.,Tom needs to buy a new raincoat.,1024407,direct,71610,https://tatoeba.org/audio/download/71610,nava,,,narakeet_audio/1407716.mp3,Tamar
1407949,heb,"ובכן, אני חייב ללכת.","Well, I must be going.",43011,direct,71612,https://tatoeba.org/audio/download/71612,nava,,,narakeet_audio/1407949.mp3,Tamar
1408201,heb,אור הירח חלש.,The light from the moon is weak.,238813,direct,71615,https://tatoeba.org/audio/download/71615,nava,,,narakeet_audio/1408201.mp3,Tamar
1410329,heb,טום רוצה לנסות שמפו חדש.,Tom wants to try a new shampoo.,1141000,direct,71682,https://tatoeba.org/audio/download/71682,nava,,,narakeet_audio/1410329.mp3,Tamar
1410921,heb,אני סתם מתלוצץ.,I'm just kidding.,398513,direct,71689,https://tatoeba.org/audio/download/71689,nava,,,narakeet_audio/1410921.mp3,Tamar
1411380,heb,אתה מבין מה שאני אומר?,Do you understand what I'm saying?,404098,direct,71703,https://tatoeba.org/audio/download/71703,nava,,,narakeet_audio/1411380.mp3,Tamar
1411589,heb,לאורך הרחוב נטעו עצים.,Trees are planted along the street.,278403,direct,71704,https://tatoeba.org/audio/download/71704,nava,,,narakeet_audio/1411589.mp3,Tamar
1411837,heb,תמונה שווה אלף מילים.,A picture is worth a thousand words.,620887,direct,71721,https://tatoeba.org/audio/download/71721,nava,,,narakeet_audio/1411837.mp3,Tamar
1411899,heb,פגשתי בו בדרכי חזרה הביתה.,I met him while going back home.,454462,direct,71727,https://tatoeba.org/audio/download/71727,nava,,,narakeet_audio/1411899.mp3,Tamar
1412682,heb,מרי הסתכלה על עצמה במראה.,Mary looked at herself in the mirror.,31947,direct,71739,https://tatoeba.org/audio/download/71739,nava,,,narakeet_audio/1412682.mp3,Tamar
1412981,heb,הוא לחץ את ידו של ראש העיר.,He shook hands with the mayor.,297168,direct,71740,https://tatoeba.org/audio/download/71740,nava,,,narakeet_audio/1412981.mp3,Tamar
1413993,heb,טום הסתכל על עצמו במראה.,Tom looked at himself in the mirror.,1024539,direct,71751,https://tatoeba.org/audio/download/71751,nava,,,narakeet_audio/1413993.mp3,Tamar
1414041,heb,אני מקנא בה.,I envy her.,1414039,direct,71753,https://tatoeba.org/audio/download/71753,nava,,,narakeet_audio/1414041.mp3,Tamar
1414140,heb,נהניתי לדבר איתו במסיבה.,I enjoyed talking with him at the party.,260185,direct,71754,https://tatoeba.org/audio/download/71754,nava,,,narakeet_audio/1414140.mp3,Tamar
1414171,heb,אתה צודק בהחלט.,You are absolutely right.,69761,direct,71755,https://tatoeba.org/audio/download/71755,nava,,,narakeet_audio/1414171.mp3,Tamar
1414274,heb,קח ספר וקרא בו!,Take a book and read it.,1803,direct,71756,https://tatoeba.org/audio/download/71756,nava,,,narakeet_audio/1414274.mp3,Tamar
1414341,heb,אני שמח שנהנית מזה.,I'm glad you liked it.,17999,direct,71757,https://tatoeba.org/audio/download/71757,nava,,,narakeet_audio/1414341.mp3,Tamar
1416966,heb,קלפו את תפוחי האדמה ואת הגזרים.,Peel the potatoes and carrots.,524054,direct,71798,https://tatoeba.org/audio/download/71798,nava,,,narakeet_audio/1416966.mp3,Tamar
1419877,heb,אנחנו חברים טובים.,We are good friends.,249493,direct,71846,https://tatoeba.org/audio/download/71846,nava,,,narakeet_audio/1419877.mp3,Tamar
1420575,heb,מגרד לי בכל הגוף.,My body itches all over.,275269,direct,71852,https://tatoeba.org/audio/download/71852,nava,,,narakeet_audio/1420575.mp3,Tamar
1420737,heb,הוא עמד ליד השער עם היד בכיס.,He was standing by the gate with his hand in his pocket.,292725,direct,71855,https://tatoeba.org/audio/download/71855,nava,,,narakeet_audio/1420737.mp3,Tamar
1421027,heb,תן לי רגע לחשוב.,Let me think for a while.,53401,direct,71862,https://tatoeba.org/audio/download/71862,nava,,,narakeet_audio/1421027.mp3,Tamar
1421358,heb,בואו נשים את כל הקלפים על השולחן.,Let's put all the cards on the table.,319853,direct,71866,https://tatoeba.org/audio/download/71866,nava,,,narakeet_audio/1421358.mp3,Tamar
1423679,heb,בוא נעיף מבט.,Let's take a look.,373278,direct,71930,https://tatoeba.org/audio/download/71930,nava,,,narakeet_audio/1423679.mp3,Tamar
1423715,heb,היא התחילה לשיר.,She began to sing.,312881,direct,71931,https://tatoeba.org/audio/download/71931,nava,,,narakeet_audio/1423715.mp3,Tamar
1423742,heb,אני צריכה ללכת כעת.,I have to leave now.,31380,direct,71932,https://tatoeba.org/audio/download/71932,nava,,,narakeet_audio/1423742.mp3,Tamar
1423762,heb,פגשתי אותו במקרה.,I met him by chance.,257016,direct,71933,https://tatoeba.org/audio/download/71933,nava,,,narakeet_audio/1423762.mp3,Tamar
1423766,heb,אכלתי במהירות ארוחת צהריים.,I quickly ate lunch.,433484,direct,71934,https://tatoeba.org/audio/download/71934,nava,,,narakeet_audio/1423766.mp3,Tamar
1423788,heb,אנסה את זה פעם נוספת.,I will try it again.,33518,direct,71935,https://tatoeba.org/audio/download/71935,nava,,,narakeet_audio/1423788.mp3,Tamar
1424059,heb,כולנו עושים טעויות.,We all make mistakes.,248341,direct,71939,https://tatoeba.org/audio/download/71939,nava,,,narakeet_audio/1424059.mp3,Tamar
1424065,heb,אנחנו צריכים ללכת לבית הספר.,We must go to school.,248530,direct,71940,https://tatoeba.org/audio/download/71940,nava,,,narakeet_audio/1424065.mp3,Tamar
1424084,heb,אנחנו מוכנים לצאת.,We're ready to leave.,66182,direct,71941,https://tatoeba.org/audio/download/71941,nava,,,narakeet_audio/1424084.mp3,Tamar
1424700,heb,בוא ואציג את עצמי.,Let me introduce myself.,353241,direct,71967,https://tatoeba.org/audio/download/71967,nava,,,narakeet_audio/1424700.mp3,Tamar
1424753,heb,דוד שלי נתן לי ספר.,My uncle gave me a book.,65060,direct,71972,https://tatoeba.org/audio/download/71972,nava,,,narakeet_audio/1424753.mp3,Tamar
1424764,heb,"אף אחד לא הגיע, מלבד מרי.",No one came except Mary.,324988,direct,71973,https://tatoeba.org/audio/download/71973,nava,,,narakeet_audio/1424764.mp3,Tamar
1424823,heb,השאלה הזאת לא קלה.,This question isn't easy.,56704,direct,71975,https://tatoeba.org/audio/download/71975,nava,,,narakeet_audio/1424823.mp3,Tamar
1424861,heb,בוא הנה ותצטרף אלינו.,Come over here and join us.,61465,direct,71977,https://tatoeba.org/audio/download/71977,nava,,,narakeet_audio/1424861.mp3,Tamar
1424897,heb,אתה מתכנן לנסוע לחוץ לארץ?,Do you plan to go overseas?,405494,direct,71978,https://tatoeba.org/audio/download/71978,nava,,,narakeet_audio/1424897.mp3,Tamar
1425131,heb,מרי סגרה את הדלת בשקט.,Mary closed the door quietly.,31976,direct,71979,https://tatoeba.org/audio/download/71979,nava,,,narakeet_audio/1425131.mp3,Tamar
1425158,heb,אחי עדיין ישן.,My brother is still sleeping.,278549,direct,71980,https://tatoeba.org/audio/download/71980,nava,,,narakeet_audio/1425158.mp3,Tamar
1425466,heb,הכאב כמעט נעלם לגמרי.,The pain has mostly gone away.,41146,direct,71984,https://tatoeba.org/audio/download/71984,nava,,,narakeet_audio/1425466.mp3,Tamar
1426750,heb,נדמה לי שנגמר לנו הקפה.,I'm afraid I've run short of coffee.,62271,direct,72014,https://tatoeba.org/audio/download/72014,nava,,,narakeet_audio/1426750.mp3,Tamar
1428792,heb,הגעתי לפני האחרים.,I arrived ahead of the others.,255584,direct,72053,https://tatoeba.org/audio/download/72053,nava,,,narakeet_audio/1428792.mp3,Tamar
1429722,heb,תן לי דף נייר חלק.,Give me a blank sheet of paper.,250172,direct,72064,https://tatoeba.org/audio/download/72064,nava,,,narakeet_audio/1429722.mp3,Tamar
1430717,heb,יטפלו בהם היטב.,They will be taken good care of.,305903,direct,72075,https://tatoeba.org/audio/download/72075,nava,,,narakeet_audio/1430717.mp3,Tamar
1430735,heb,מרוב עצים לא רואים את היער.,You can't see the forest for the trees.,323634,direct,72079,https://tatoeba.org/audio/download/72079,nava,,,narakeet_audio/1430735.mp3,Tamar
1432760,heb,מה היית עושה אילו היית במקומי?,What would you do if you were in my place?,17717,direct,72116,https://tatoeba.org/audio/download/72116,nava,,,narakeet_audio/1432760.mp3,Tamar
1433188,heb,היא דיברה בקול רם וברור.,She spoke loud and clear.,1433189,direct,72121,https://tatoeba.org/audio/download/72121,nava,,,narakeet_audio/1433188.mp3,Tamar
1433320,heb,"אימא, אני יכול ללכת לשחות?","Mommy, may I go swimming?",484077,direct,72122,https://tatoeba.org/audio/download/72122,nava,,,narakeet_audio/1433320.mp3,Tamar
1433563,heb,מה שם הרחוב הזה?,What's this street called?,453384,direct,72125,https://tatoeba.org/audio/download/72125,nava,,,narakeet_audio/1433563.mp3,Tamar
1436121,heb,אני חושב שאני פשוט עייף.,I think I'm just tired.,39951,direct,72143,https://tatoeba.org/audio/download/72143,nava,,,narakeet_audio/1436121.mp3,Tamar
1437375,heb,שתי הילדות לובשות חליפות לבנות.,Both of the girls are wearing white suits.,388831,direct,72161,https://tatoeba.org/audio/download/72161,nava,,,narakeet_audio/1437375.mp3,Tamar
1437465,heb,בינתיים למדנו משגיאותינו.,"In the meantime, we learnt from our mistakes.",1435837,direct,72162,https://tatoeba.org/audio/download/72162,nava,,,narakeet_audio/1437465.mp3,Tamar
1437664,heb,הוא ענה על כל השאלות בעשר דקות.,He answered all the questions in ten minutes.,288378,direct,72164,https://tatoeba.org/audio/download/72164,nava,,,narakeet_audio/1437664.mp3,Tamar
1437747,heb,הוא בדיוק עמד לצאת כשהיא טלפנה.,He was just about to leave when she telephoned.,11606077,direct,72165,https://tatoeba.org/audio/download/72165,nava,,,narakeet_audio/1437747.mp3,Tamar
1437748,heb,אספר לך מה שקרה.,Let me tell you about what happened.,954136,direct,72166,https://tatoeba.org/audio/download/72166,nava,,,narakeet_audio/1437748.mp3,Tamar
1438234,heb,הוא הגיע ליפן בגיל 10.,He came to Japan when he was 10 years old.,404620,direct,72176,https://tatoeba.org/audio/download/72176,nava,,,narakeet_audio/1438234.mp3,Tamar
1439821,heb,זה חשוב לקרוא ספרים.,It's important to read books.,1439744,direct,72222,https://tatoeba.org/audio/download/72222,nava,,,narakeet_audio/1439821.mp3,Tamar
1440110,heb,הוא הלך לישון בגלל שהיה עייף.,He went to bed because he was tired.,1440080,direct,72241,https://tatoeba.org/audio/download/72241,nava,,,narakeet_audio/1440110.mp3,Tamar
1441464,heb,המעלית עולה ויורדת.,The elevator is moving up and down.,65244,direct,72253,https://tatoeba.org/audio/download/72253,nava,,,narakeet_audio/1441464.mp3,Tamar
1443333,heb,הוא לא הצליח להבין את המשפט.,He couldn't understand the sentence.,284687,direct,72306,https://tatoeba.org/audio/download/72306,nava,,,narakeet_audio/1443333.mp3,Tamar
1445226,heb,הפרפרים האלה נדירים בארץ.,These butterflies are rare in our country.,55128,direct,72337,https://tatoeba.org/audio/download/72337,nava,,,narakeet_audio/1445226.mp3,Tamar
1445460,heb,הוא למד אנגלית ואחר כך מתמטיקה.,He studied English and then math.,3249337,direct,72351,https://tatoeba.org/audio/download/72351,nava,,,narakeet_audio/1445460.mp3,Tamar
1445498,heb,זאת אינה שאלה קלה.,This is not an easy question.,3249335,direct,72359,https://tatoeba.org/audio/download/72359,nava,,,narakeet_audio/1445498.mp3,Tamar
1447484,heb,הוא אדם חשוב מאד.,He's a very important person.,868183,direct,72391,https://tatoeba.org/audio/download/72391,nava,,,narakeet_audio/1447484.mp3,Tamar
1449061,heb,היא הרימה את ידה.,She raised her hand.,314875,direct,72421,https://tatoeba.org/audio/download/72421,nava,,,narakeet_audio/1449061.mp3,Tamar
1451156,heb,זו העיר שבה הוא נולד.,This is his hometown.,3249331,direct,72463,https://tatoeba.org/audio/download/72463,nava,,,narakeet_audio/1451156.mp3,Tamar
1451450,heb,מה אתה אמרת?,What did you say?,433423,direct,72468,https://tatoeba.org/audio/download/72468,nava,,,narakeet_audio/1451450.mp3,Tamar
1451457,heb,תרצי לבקר בגן החיות היום אחר הצהריים?,Would you like to go to the zoo this afternoon?,69413,direct,72469,https://tatoeba.org/audio/download/72469,nava,,,narakeet_audio/1451457.mp3,Tamar
1451471,heb,כל האנשים שהיו כאן הלכו.,All the people who were here have left.,518930,direct,72470,https://tatoeba.org/audio/download/72470,nava,,,narakeet_audio/1451471.mp3,Tamar
1451893,heb,היא קנתה מברשת שיער ומברשת שיניים.,She bought a hair brush and a tooth brush.,312142,direct,72478,https://tatoeba.org/audio/download/72478,nava,,,narakeet_audio/1451893.mp3,Tamar
1453254,heb,כמה שנים לקח לבנות את הפירמידות?,How many years did it take to build the pyramids?,1452813,direct,72499,https://tatoeba.org/audio/download/72499,nava,,,narakeet_audio/1453254.mp3,Tamar
1456528,heb,ראיתי אותה לפני שבוע בדיוק.,I saw her a week ago today.,259055,direct,72617,https://tatoeba.org/audio/download/72617,nava,,,narakeet_audio/1456528.mp3,Tamar
1458764,heb,העוּבדות לא ייעלמו בגלל שמתעלמים מהן.,Facts do not cease to exist because they are ignored.,690956,direct,72646,https://tatoeba.org/audio/download/72646,nava,,,narakeet_audio/1458764.mp3,Tamar
1460135,heb,זה לא היה פשוט לפתור את הבעיה הזו.,It wasn't simple to solve this problem.,3249328,direct,72663,https://tatoeba.org/audio/download/72663,nava,,,narakeet_audio/1460135.mp3,Tamar
1463408,heb,אני יכול לראות במכונית גברת ושני כלבים.,I can see a lady and two dogs in the car.,265527,direct,72719,https://tatoeba.org/audio/download/72719,nava,,,narakeet_audio/1463408.mp3,Tamar
1464130,heb,השנים הקרובות לא יהיו משחק ילדים.,The next few years won't be easy for us.,2144572,direct,72727,https://tatoeba.org/audio/download/72727,nava,,,narakeet_audio/1464130.mp3,Tamar
1464543,heb,אביב זו עונה נעימה.,Spring is a pleasant season.,4049065,direct,72730,https://tatoeba.org/audio/download/72730,nava,,,narakeet_audio/1464543.mp3,Tamar
1464920,heb,כבר קראתי את הספר הזה לפני כן.,I have read this book before.,253752,direct,72732,https://tatoeba.org/audio/download/72732,nava,,,narakeet_audio/1464920.mp3,Tamar
1465007,heb,אסור לך לדבר כאן.,You should not talk here.,602755,direct,72733,https://tatoeba.org/audio/download/72733,nava,,,narakeet_audio/1465007.mp3,Tamar
1465597,heb,הם עברו לגור כאן לאחרונה.,They moved in just the other day.,305914,direct,72736,https://tatoeba.org/audio/download/72736,nava,,,narakeet_audio/1465597.mp3,Tamar
1465762,heb,אכפת לך אם אדליק את הרדיו?,Do you mind if I turn on the radio?,29761,direct,72737,https://tatoeba.org/audio/download/72737,nava,,,narakeet_audio/1465762.mp3,Tamar
1466266,heb,חברי הוועד כולם גברים.,The members of the committee are all men.,28275,direct,72748,https://tatoeba.org/audio/download/72748,nava,,,narakeet_audio/1466266.mp3,Tamar
1468835,heb,אדם הוא חלק מהטבע.,Man is part of nature.,270288,direct,72771,https://tatoeba.org/audio/download/72771,nava,,,narakeet_audio/1468835.mp3,Tamar
1468975,heb,לא היינו בבית אתמול.,We weren't at home yesterday.,396391,direct,72772,https://tatoeba.org/audio/download/72772,nava,,,narakeet_audio/1468975.mp3,Tamar
1469022,heb,הוא רצה לקנות את הספר.,He wanted to buy the book.,291289,direct,72773,https://tatoeba.org/audio/download/72773,nava,,,narakeet_audio/1469022.mp3,Tamar
1469412,heb,מספר טיסות איחרו בשל רעש אדמה.,A couple of flights were delayed on account of the earthquake.,277199,direct,72774,https://tatoeba.org/audio/download/72774,nava,,,narakeet_audio/1469412.mp3,Tamar
1469500,heb,הוא במיוחד אוהב שחייה.,He especially likes swimming.,3249417,direct,72776,https://tatoeba.org/audio/download/72776,nava,,,narakeet_audio/1469500.mp3,Tamar
1470874,heb,יש הרבה קופים בתוך ההר.,There are many monkeys on the mountain.,47732,direct,72783,https://tatoeba.org/audio/download/72783,nava,,,narakeet_audio/1470874.mp3,Tamar
1471887,heb,אנחנו לא מכירים אחד את השני.,We don't know each other.,782345,direct,72792,https://tatoeba.org/audio/download/72792,nava,,,narakeet_audio/1471887.mp3,Tamar
1473686,heb,ועכשיו מה?,"And now, what?",1473574,direct,72809,https://tatoeba.org/audio/download/72809,nava,,,narakeet_audio/1473686.mp3,Tamar
1473870,heb,קיבלתי ממנה מכתב.,I got a letter from her.,261023,direct,72810,https://tatoeba.org/audio/download/72810,nava,,,narakeet_audio/1473870.mp3,Tamar
1475228,heb,הם הגיעו ליעדם.,They reached their goal.,389168,direct,72855,https://tatoeba.org/audio/download/72855,nava,,,narakeet_audio/1475228.mp3,Tamar
1476827,heb,הוא שמע את הרעש.,He heard the noise.,300912,direct,72921,https://tatoeba.org/audio/download/72921,nava,,,narakeet_audio/1476827.mp3,Tamar
1476835,heb,יד שמאל שלי נרדמה.,My left hand fell asleep.,3249323,direct,72922,https://tatoeba.org/audio/download/72922,nava,,,narakeet_audio/1476835.mp3,Tamar
1478997,heb,אינני יודע מה אני צריך לעשות.,I don't know what to do.,454490,direct,72954,https://tatoeba.org/audio/download/72954,nava,,,narakeet_audio/1478997.mp3,Tamar
1479344,heb,הפיל הזה אהוב על ילדים קטנים.,This elephant is adored by small children.,3249321,direct,72967,https://tatoeba.org/audio/download/72967,nava,,,narakeet_audio/1479344.mp3,Tamar
1479385,heb,יש ספק אם זה יעבוד.,It is doubtful whether this will work.,56326,direct,72971,https://tatoeba.org/audio/download/72971,nava,,,narakeet_audio/1479385.mp3,Tamar
1484491,heb,כעבור כמה דקות הטלפון צלצל.,A few minutes later the telephone rang.,271070,direct,73044,https://tatoeba.org/audio/download/73044,nava,,,narakeet_audio/1484491.mp3,Tamar
1485761,heb,סבתא שלי שלחה את המכתב הבוקר.,My grandmother mailed the letter this morning.,1485691,direct,73063,https://tatoeba.org/audio/download/73063,nava,,,narakeet_audio/1485761.mp3,Tamar
1486096,heb,השינוי מצא חן בעיניו.,He loved the change.,1486066,direct,73076,https://tatoeba.org/audio/download/73076,nava,,,narakeet_audio/1486096.mp3,Tamar
1486639,heb,אני מרגישה את האביב באוויר.,I feel spring in the air.,266963,direct,73092,https://tatoeba.org/audio/download/73092,nava,,,narakeet_audio/1486639.mp3,Tamar
1486688,heb,כל אחד בכיתה למד את השיר בעל פה.,Everyone in the class learned the poem by heart.,62928,direct,73096,https://tatoeba.org/audio/download/73096,nava,,,narakeet_audio/1486688.mp3,Tamar
1486752,heb,זה רחוק מכאן?,Is it far from here?,1651,direct,73097,https://tatoeba.org/audio/download/73097,nava,,,narakeet_audio/1486752.mp3,Tamar
1488552,heb,החברה של טום הונפקה בבורסה.,Tom's company went public.,1487180,direct,73181,https://tatoeba.org/audio/download/73181,nava,,,narakeet_audio/1488552.mp3,Tamar
1492214,heb,אביה הוא שוטר.,Her father is a policeman.,309707,direct,73262,https://tatoeba.org/audio/download/73262,nava,,,narakeet_audio/1492214.mp3,Tamar
1493697,heb,הוא היה ראוי לכך.,He deserved it.,1493323,direct,73302,https://tatoeba.org/audio/download/73302,nava,,,narakeet_audio/1493697.mp3,Tamar
1494330,heb,הוא נראה כמו אבא שלו.,He looks like his father.,289503,direct,73326,https://tatoeba.org/audio/download/73326,nava,,,narakeet_audio/1494330.mp3,Tamar
1495444,heb,הוא שם את הספר על המדף.,He put the book on the shelf.,1396455,direct,73378,https://tatoeba.org/audio/download/73378,nava,,,narakeet_audio/1495444.mp3,Tamar
1496693,heb,תבקש מטום להביא את הגיטרה שלו.,Ask Tom to bring his guitar.,1495798,direct,73578,https://tatoeba.org/audio/download/73578,nava,,,narakeet_audio/1496693.mp3,Tamar
1499058,heb,זה סיפור אמיתי.,This story is true.,57256,direct,73643,https://tatoeba.org/audio/download/73643,nava,,,narakeet_audio/1499058.mp3,Tamar
1499509,heb,יש לי אח אחד.,I have one brother.,256071,direct,73661,https://tatoeba.org/audio/download/73661,nava,,,narakeet_audio/1499509.mp3,Tamar
1499900,heb,איפה הבנות האחרות?,Where are the other girls?,33606,direct,73667,https://tatoeba.org/audio/download/73667,nava,,,narakeet_audio/1499900.mp3,Tamar
1500922,heb,אנשים רבים מנסים כיום למכור את ביתם.,A lot of people are now trying to sell their houses.,953077,direct,73694,https://tatoeba.org/audio/download/73694,nava,,,narakeet_audio/1500922.mp3,Tamar
1501333,heb,ראיתי אותה שוחה.,I saw her swim.,261029,direct,73697,https://tatoeba.org/audio/download/73697,nava,,,narakeet_audio/1501333.mp3,Tamar
1501444,heb,"היה קר מאד, לכן האגם קפא.","It was very cold, so the lake froze.",3249318,direct,73699,https://tatoeba.org/audio/download/73699,nava,,,narakeet_audio/1501444.mp3,Tamar
1502090,heb,כתבתי שיר עבורך.,I wrote a song for you.,1154102,direct,73702,https://tatoeba.org/audio/download/73702,nava,,,narakeet_audio/1502090.mp3,Tamar
1504484,heb,אתקשר אליה מיד.,I'll call her immediately.,1504450,direct,73732,https://tatoeba.org/audio/download/73732,nava,,,narakeet_audio/1504484.mp3,Tamar
1505800,heb,בחגים של המדינה אנחנו מניפים דגלים.,We put up the flags on national holidays.,248693,direct,73738,https://tatoeba.org/audio/download/73738,nava,,,narakeet_audio/1505800.mp3,Tamar
1506757,heb,הוא הביט מבעד לחלון.,He was looking out the window.,300872,direct,73744,https://tatoeba.org/audio/download/73744,nava,,,narakeet_audio/1506757.mp3,Tamar
1506758,heb,הוא הסתכל מבעד לחלון.,He was looking out the window.,300872,direct,73745,https://tatoeba.org/audio/download/73745,nava,,,narakeet_audio/1506758.mp3,Tamar
1509331,heb,אנחנו צריכים לנקות את המטבח.,We must clean up the kitchen.,263141,direct,73769,https://tatoeba.org/audio/download/73769,nava,,,narakeet_audio/1509331.mp3,Tamar
1509337,heb,תבחר איזו דרך שתרצה.,You can take either road.,37937,direct,73770,https://tatoeba.org/audio/download/73770,nava,,,narakeet_audio/1509337.mp3,Tamar
1511169,heb,הוא אחי הצעיר.,He's my younger brother.,511852,direct,73790,https://tatoeba.org/audio/download/73790,nava,,,narakeet_audio/1511169.mp3,Tamar
1511425,heb,הילדה בתמונה מחייכת.,The girl in the picture is smiling.,1511061,direct,73792,https://tatoeba.org/audio/download/73792,nava,,,narakeet_audio/1511425.mp3,Tamar
1515362,heb,הרי זה מגוחך!,That's ridiculous!,1515056,direct,73854,https://tatoeba.org/audio/download/73854,nava,,,narakeet_audio/1515362.mp3,Tamar
1517842,heb,"ודאי, הדברים האלה נכונים.","Certainly, these things are true.",1517826,direct,73884,https://tatoeba.org/audio/download/73884,nava,,,narakeet_audio/1517842.mp3,Tamar
1524802,heb,זה נורא מצחיק.,This is hilarious.,1524715,direct,74094,https://tatoeba.org/audio/download/74094,nava,,,narakeet_audio/1524802.mp3,Tamar
1524830,heb,טום הוא חברי הטוב ביותר.,Tom is my best friend.,1524561,direct,74095,https://tatoeba.org/audio/download/74095,nava,,,narakeet_audio/1524830.mp3,Tamar
1527451,heb,טום יצא מן האמבטיה.,Tom got out of the bathtub.,1093940,direct,74175,https://tatoeba.org/audio/download/74175,nava,,,narakeet_audio/1527451.mp3,Tamar
1540709,heb,אני לא רואה כלום!,I can't see anything!,1540652,direct,74494,https://tatoeba.org/audio/download/74494,nava,,,narakeet_audio/1540709.mp3,Tamar
1545750,heb,אנשי הכפר הזה חיים בהרמוניה עם הטבע.,The people of this village live in harmony with nature.,1545631,direct,74679,https://tatoeba.org/audio/download/74679,nava,,,narakeet_audio/1545750.mp3,Tamar
1548944,heb,יש לי כלב בצבעים שחור ולבן.,I have a black and white dog.,257441,direct,74728,https://tatoeba.org/audio/download/74728,nava,,,narakeet_audio/1548944.mp3,Tamar
1558116,heb,אני יוצא עכשיו.,I'm taking off now.,41706,direct,75224,https://tatoeba.org/audio/download/75224,nava,,,narakeet_audio/1558116.mp3,Tamar
1558193,heb,שים את הכובע על הראש.,Put your hat on.,321117,direct,75225,https://tatoeba.org/audio/download/75225,nava,,,narakeet_audio/1558193.mp3,Tamar
1558220,heb,היא נכנסה פנימה.,She went inside.,316046,direct,75226,https://tatoeba.org/audio/download/75226,nava,,,narakeet_audio/1558220.mp3,Tamar
1562276,heb,"וכל המרבה, הרי זה משובח.","The more, the merrier.",269879,direct,75260,https://tatoeba.org/audio/download/75260,nava,,,narakeet_audio/1562276.mp3,Tamar
1562282,heb,שאר הילדים חייכו.,The other boys smiled.,274637,direct,75261,https://tatoeba.org/audio/download/75261,nava,,,narakeet_audio/1562282.mp3,Tamar
1563925,heb,היא ישבה על כיסא קשה.,She sat on a hard chair.,313455,direct,75276,https://tatoeba.org/audio/download/75276,nava,,,narakeet_audio/1563925.mp3,Tamar
1575501,heb,הוא משחק בחוץ.,He is playing outdoors.,22024,direct,75389,https://tatoeba.org/audio/download/75389,nava,,,narakeet_audio/1575501.mp3,Tamar
1576317,heb,רוץ מהר ככל שתוכל.,Run as fast as you can.,39510,direct,75395,https://tatoeba.org/audio/download/75395,nava,,,narakeet_audio/1576317.mp3,Tamar
1579366,heb,חשבתי שאין אף אחד במטבח.,I thought there was nobody in the kitchen.,1579309,direct,75419,https://tatoeba.org/audio/download/75419,nava,,,narakeet_audio/1579366.mp3,Tamar
1580942,heb,הוא הסתובב לאחור.,He turned around.,289776,direct,75449,https://tatoeba.org/audio/download/75449,nava,,,narakeet_audio/1580942.mp3,Tamar
1580993,heb,הוא שוחה כמו דג במים.,He swims like a fish.,1159832,direct,75450,https://tatoeba.org/audio/download/75450,nava,,,narakeet_audio/1580993.mp3,Tamar
1582905,heb,קניתי כרטיס הלוך ושוב.,I bought a round-trip ticket.,25685,direct,75469,https://tatoeba.org/audio/download/75469,nava,,,narakeet_audio/1582905.mp3,Tamar
1591421,heb,יש לנו חצי תריסר ביצים.,We have half a dozen eggs.,1588596,direct,75542,https://tatoeba.org/audio/download/75542,nava,,,narakeet_audio/1591421.mp3,Tamar
1591715,heb,סבא שלי אהב לקרוא.,My grandfather used to love reading.,2057643,direct,75546,https://tatoeba.org/audio/download/75546,nava,,,narakeet_audio/1591715.mp3,Tamar
1594556,heb,מי כוכב הקולנוע האהוב עליך?,Who's your favorite movie star?,908727,direct,75561,https://tatoeba.org/audio/download/75561,nava,,,narakeet_audio/1594556.mp3,Tamar
1594860,heb,הכלב שלך כאן.,Your dog is here.,449111,direct,75562,https://tatoeba.org/audio/download/75562,nava,,,narakeet_audio/1594860.mp3,Tamar
1610542,heb,הוא גאה בכך שאף פעם לא איחר לבית הספר.,He's proud of never being late to school.,528277,direct,75696,https://tatoeba.org/audio/download/75696,nava,,,narakeet_audio/1610542.mp3,Tamar
1615031,heb,זה לא מוצא חן בעיני.,I don't like this.,55767,direct,75730,https://tatoeba.org/audio/download/75730,nava,,,narakeet_audio/1615031.mp3,Tamar
1615101,heb,היא בעלת אופי חזק.,She has a strong character.,3516205,direct,75731,https://tatoeba.org/audio/download/75731,nava,,,narakeet_audio/1615101.mp3,Tamar
1615779,heb,אני אוהב שיער קצר.,I like short hair.,259389,direct,75748,https://tatoeba.org/audio/download/75748,nava,,,narakeet_audio/1615779.mp3,Tamar
1615793,heb,ראיתי אותו רץ.,I saw him running.,283975,direct,75749,https://tatoeba.org/audio/download/75749,nava,,,narakeet_audio/1615793.mp3,Tamar
1615892,heb,זה של אח שלי.,It's my brother's.,278535,direct,75753,https://tatoeba.org/audio/download/75753,nava,,,narakeet_audio/1615892.mp3,Tamar
1615926,heb,היא הביטה סביב.,She looked around.,314573,direct,75754,https://tatoeba.org/audio/download/75754,nava,,,narakeet_audio/1615926.mp3,Tamar
1615927,heb,היא הסתכלה מסביב.,She looked around.,314573,direct,75755,https://tatoeba.org/audio/download/75755,nava,,,narakeet_audio/1615927.mp3,Tamar
1616180,heb,זה היה כמעט בלתי אפשרי.,It used to be nearly impossible.,1611237,direct,75757,https://tatoeba.org/audio/download/75757,nava,,,narakeet_audio/1616180.mp3,Tamar
1621090,heb,יש להן גישה לספרייה.,They have access to the library.,306941,direct,75861,https://tatoeba.org/audio/download/75861,nava,,,narakeet_audio/1621090.mp3,Tamar
1625074,heb,מתי מתחיל הסרט?,When does the movie start?,26457,direct,75915,https://tatoeba.org/audio/download/75915,nava,,,narakeet_audio/1625074.mp3,Tamar
1625076,heb,יש לי משהו לתת לך.,I have something to give you.,71185,direct,75916,https://tatoeba.org/audio/download/75916,nava,,,narakeet_audio/1625076.mp3,Tamar
1627756,heb,באיזה מהם כדאי להשתמש?,Which one should I use?,1627262,direct,75940,https://tatoeba.org/audio/download/75940,nava,,,narakeet_audio/1627756.mp3,Tamar
1629410,heb,מי בעל המכונית הזו?,Who is the owner of this car?,628146,direct,75947,https://tatoeba.org/audio/download/75947,nava,,,narakeet_audio/1629410.mp3,Tamar
1630217,heb,הוא ירד למטה.,He came downstairs.,294713,direct,75958,https://tatoeba.org/audio/download/75958,nava,,,narakeet_audio/1630217.mp3,Tamar
1630296,heb,הוא בטח יבוא.,He is sure to come.,289676,direct,75960,https://tatoeba.org/audio/download/75960,nava,,,narakeet_audio/1630296.mp3,Tamar
1641303,heb,שלחתי לך מכתב.,I sent you a letter.,1123307,direct,76115,https://tatoeba.org/audio/download/76115,nava,,,narakeet_audio/1641303.mp3,Tamar
1642380,heb,הלוואי והיה לי רכב.,I wish I had a car.,265406,direct,76152,https://tatoeba.org/audio/download/76152,nava,,,narakeet_audio/1642380.mp3,Tamar
1644149,heb,יש לה שיער קצר.,She has short hair.,309638,direct,76164,https://tatoeba.org/audio/download/76164,nava,,,narakeet_audio/1644149.mp3,Tamar
1644161,heb,היא נראתה נרגשת.,She looked excited.,313269,direct,76165,https://tatoeba.org/audio/download/76165,nava,,,narakeet_audio/1644161.mp3,Tamar
1644863,heb,טום מאחר לעתים רחוקות.,Tom is rarely late.,1024888,direct,76168,https://tatoeba.org/audio/download/76168,nava,,,narakeet_audio/1644863.mp3,Tamar
1644894,heb,מה זה שם?,What is over there?,25235,direct,76169,https://tatoeba.org/audio/download/76169,nava,,,narakeet_audio/1644894.mp3,Tamar
1645035,heb,גם אני מורה.,"I am a teacher, too.",262362,direct,76170,https://tatoeba.org/audio/download/76170,nava,,,narakeet_audio/1645035.mp3,Tamar
1645052,heb,אני זוכר אותו היטב.,I remember him well.,260900,direct,76171,https://tatoeba.org/audio/download/76171,nava,,,narakeet_audio/1645052.mp3,Tamar
1675685,heb,היא שפשפה את עיניה.,She rubbed her eyes.,317196,direct,76824,https://tatoeba.org/audio/download/76824,nava,,,narakeet_audio/1675685.mp3,Tamar
1677467,heb,זה טבעי להיות עצבני בעת המראה של מטוס.,It's natural to be nervous when the plane takes off.,317992,direct,76846,https://tatoeba.org/audio/download/76846,nava,,,narakeet_audio/1677467.mp3,Tamar
1685529,heb,טום לא רואה מה כתוב על הלוח.,Tom can't see what's written on the blackboard.,1026745,direct,77026,https://tatoeba.org/audio/download/77026,nava,,,narakeet_audio/1685529.mp3,Tamar
1705806,heb,אתה יכול לסמוך עליה.,You can rely on her.,10078,direct,78055,https://tatoeba.org/audio/download/78055,nava,,,narakeet_audio/1705806.mp3,Tamar
1705972,heb,הוא נראה מאושר למדי.,He seems quite happy.,292097,direct,78056,https://tatoeba.org/audio/download/78056,nava,,,narakeet_audio/1705972.mp3,Tamar
1708719,heb,אני יודע למה אתה מתכוון.,I know what you mean.,17198,direct,78133,https://tatoeba.org/audio/download/78133,nava,,,narakeet_audio/1708719.mp3,Tamar
1708736,heb,שילמתי לו את הכסף.,I paid him the money.,260304,direct,78134,https://tatoeba.org/audio/download/78134,nava,,,narakeet_audio/1708736.mp3,Tamar
1708988,heb,"ניצחתי, אני במקום הראשון.",I've won first prize!,73092,direct,78137,https://tatoeba.org/audio/download/78137,nava,,,narakeet_audio/1708988.mp3,Tamar
1710005,heb,היא החברה הכי טובה שלי.,She's my best friend.,520885,direct,78146,https://tatoeba.org/audio/download/78146,nava,,,narakeet_audio/1710005.mp3,Tamar
1711637,heb,תנחש מה הוא סיפר לי.,Guess what he told me.,283413,direct,78161,https://tatoeba.org/audio/download/78161,nava,,,narakeet_audio/1711637.mp3,Tamar
1711661,heb,הוא יודע לקרוא ולכתוב.,He can read and write.,302097,direct,78162,https://tatoeba.org/audio/download/78162,nava,,,narakeet_audio/1711661.mp3,Tamar
1711962,heb,אני בקושי שומע אותו.,I can hardly hear him.,285243,direct,78165,https://tatoeba.org/audio/download/78165,nava,,,narakeet_audio/1711962.mp3,Tamar
1712058,heb,זה קרוב לבית שלך?,Is it near your house?,42494,direct,78167,https://tatoeba.org/audio/download/78167,nava,,,narakeet_audio/1712058.mp3,Tamar
1714301,heb,אפשר לעשות זאת תיכף ומיד?,May I do it right now?,41909,direct,78369,https://tatoeba.org/audio/download/78369,nava,,,narakeet_audio/1714301.mp3,Tamar
1722148,heb,השיער שלך ארוך מדי.,Your hair is too long.,16926,direct,78413,https://tatoeba.org/audio/download/78413,nava,,,narakeet_audio/1722148.mp3,Tamar
1724067,heb,היה להם כיף אצלנו.,They had fun with us.,1723972,direct,78458,https://tatoeba.org/audio/download/78458,nava,,,narakeet_audio/1724067.mp3,Tamar
1724327,heb,אתה בטוח שהם יכולים לעשות את זה?,Are you sure they can do this?,1723941,direct,78459,https://tatoeba.org/audio/download/78459,nava,,,narakeet_audio/1724327.mp3,Tamar
1729027,heb,היא קשרה את שערה בסרט.,She bound her hair with a ribbon.,312421,direct,78493,https://tatoeba.org/audio/download/78493,nava,,,narakeet_audio/1729027.mp3,Tamar
1733780,heb,אין צורך למהר.,You don't have to hurry.,19655,direct,78522,https://tatoeba.org/audio/download/78522,nava,,,narakeet_audio/1733780.mp3,Tamar
1735869,heb,תראה את החתול שעל הגג.,Look at that cat on the roof.,68559,direct,78535,https://tatoeba.org/audio/download/78535,nava,,,narakeet_audio/1735869.mp3,Tamar
1745218,heb,היא ידעה לקרוא כשהיתה בת ארבע.,"When she was four, she knew how to read.",4049087,direct,78739,https://tatoeba.org/audio/download/78739,nava,,,narakeet_audio/1745218.mp3,Tamar
1746296,heb,אין מצב שזה אמיתי.,That can't possibly be true.,1684035,direct,78777,https://tatoeba.org/audio/download/78777,nava,,,narakeet_audio/1746296.mp3,Tamar
1746315,heb,אנחנו משגיחים עליהם היטב.,We take good care of them.,1745564,direct,78778,https://tatoeba.org/audio/download/78778,nava,,,narakeet_audio/1746315.mp3,Tamar
1746344,heb,אני מתגעגע למקום הזה.,I miss that place.,1745544,direct,78779,https://tatoeba.org/audio/download/78779,nava,,,narakeet_audio/1746344.mp3,Tamar
1747028,heb,יש לך שאלה?,Do you have a question?,570237,direct,78787,https://tatoeba.org/audio/download/78787,nava,,,narakeet_audio/1747028.mp3,Tamar
1747096,heb,האם הוא כבר הגיע?,Has he come yet?,293048,direct,78789,https://tatoeba.org/audio/download/78789,nava,,,narakeet_audio/1747096.mp3,Tamar
1747143,heb,יש לו שלוש בנות.,He has three daughters.,452768,direct,78790,https://tatoeba.org/audio/download/78790,nava,,,narakeet_audio/1747143.mp3,Tamar
1747413,heb,צלצל אליו בבקשה.,Please give him a call.,903273,direct,78793,https://tatoeba.org/audio/download/78793,nava,,,narakeet_audio/1747413.mp3,Tamar
1758892,heb,טום עלה בריצה במדרגות.,Tom ran up the stairs.,1164283,direct,78920,https://tatoeba.org/audio/download/78920,nava,,,narakeet_audio/1758892.mp3,Tamar
1762665,heb,זה רק עניין של זמן.,It's only a matter of time.,897541,direct,78944,https://tatoeba.org/audio/download/78944,nava,,,narakeet_audio/1762665.mp3,Tamar
1767030,heb,אני אוהבת את הקיץ.,I love summer.,1767018,direct,79054,https://tatoeba.org/audio/download/79054,nava,,,narakeet_audio/1767030.mp3,Tamar
1767775,heb,היום יום הולדתה של אחותי הקטנה.,Today is my little sister's birthday.,1767769,direct,79068,https://tatoeba.org/audio/download/79068,nava,,,narakeet_audio/1767775.mp3,Tamar
1768115,heb,כלומר אתה יודע את התשובה?,You mean to say that you know the answer?,4049092,direct,79071,https://tatoeba.org/audio/download/79071,nava,,,narakeet_audio/1768115.mp3,Tamar
1769055,heb,הוא אזרח שומר חוק.,He's a law-abiding citizen.,1768709,direct,79110,https://tatoeba.org/audio/download/79110,nava,,,narakeet_audio/1769055.mp3,Tamar
1770665,heb,"למעשה, אני לא יודע.",I don't really know.,474746,direct,79133,https://tatoeba.org/audio/download/79133,nava,,,narakeet_audio/1770665.mp3,Tamar
1770670,heb,"למען האמת, אני לא יודע.",I don't really know.,474746,direct,79134,https://tatoeba.org/audio/download/79134,nava,,,narakeet_audio/1770670.mp3,Tamar
1771572,heb,אפילו מורה יכול לעשות טעויות.,Even a teacher can make mistakes.,272808,direct,79155,https://tatoeba.org/audio/download/79155,nava,,,narakeet_audio/1771572.mp3,Tamar
1771935,heb,אני רוצה משהו נוסף.,I want something more.,1771732,direct,79170,https://tatoeba.org/audio/download/79170,nava,,,narakeet_audio/1771935.mp3,Tamar
1772716,heb,אתה נראה בן אדם ישר.,You seem to be an honest man.,15956,direct,79181,https://tatoeba.org/audio/download/79181,nava,,,narakeet_audio/1772716.mp3,Tamar
1774767,heb,לך לאמבטיה ואז לישון.,Take a bath and then go to bed.,319806,direct,79215,https://tatoeba.org/audio/download/79215,nava,,,narakeet_audio/1774767.mp3,Tamar
1777819,heb,שכחתי להביא בגדים חמים.,I forgot to bring warm clothes.,1777406,direct,79288,https://tatoeba.org/audio/download/79288,nava,,,narakeet_audio/1777819.mp3,Tamar
1777822,heb,הייתי בסרט הזה.,I saw the movie.,1775179,direct,79289,https://tatoeba.org/audio/download/79289,nava,,,narakeet_audio/1777822.mp3,Tamar
1778708,heb,האם הדבר הזה ניתן לאכילה?,Is this thing edible?,602872,direct,79319,https://tatoeba.org/audio/download/79319,nava,,,narakeet_audio/1778708.mp3,Tamar
1787383,heb,תבחר בין השניים.,Choose between these two.,57563,direct,79471,https://tatoeba.org/audio/download/79471,nava,,,narakeet_audio/1787383.mp3,Tamar
1789649,heb,הוא רץ לתוך הכיתה.,He ran into the classroom.,295363,direct,79538,https://tatoeba.org/audio/download/79538,nava,,,narakeet_audio/1789649.mp3,Tamar
1795322,heb,אמרתי לעצמי: זה רעיון טוב.,"I said to myself, ""That's a good idea.""",73864,direct,79728,https://tatoeba.org/audio/download/79728,nava,,,narakeet_audio/1795322.mp3,Tamar
1798736,heb,האם המקום הזה פנוי?,Is this seat available?,1492938,direct,79817,https://tatoeba.org/audio/download/79817,nava,,,narakeet_audio/1798736.mp3,Tamar
1800338,heb,הוא הוסיף חלב לתה ובחש.,He put milk into his tea and stirred it.,289492,direct,79852,https://tatoeba.org/audio/download/79852,nava,,,narakeet_audio/1800338.mp3,Tamar
1808761,heb,בכמה בתי ספר שונים למדת?,How many different schools have you attended?,953341,direct,80034,https://tatoeba.org/audio/download/80034,nava,,,narakeet_audio/1808761.mp3,Tamar
1809723,heb,הם משחקים שחמט.,They are playing chess.,305902,direct,80035,https://tatoeba.org/audio/download/80035,nava,,,narakeet_audio/1809723.mp3,Tamar
1810180,heb,הגברת הקשישה חייכה אל נכדתה.,The old lady smiled at her granddaughter.,43322,direct,80052,https://tatoeba.org/audio/download/80052,fekundulo,CC BY-NC 4.0,,narakeet_audio/1810180.mp3,Tamar
1810181,heb,הגברת הזקנה חייכה אל הנכדה שלה.,The old lady smiled at her granddaughter.,43322,direct,80053,https://tatoeba.org/audio/download/80053,fekundulo,CC BY-NC 4.0,,narakeet_audio/1810181.mp3,Tamar
1810212,heb,אתה לא יכול להיכנס משום שאתה קטין.,"Because you're a minor, you can't enter.",237599,direct,80055,https://tatoeba.org/audio/download/80055,fekundulo,CC BY-NC 4.0,,narakeet_audio/1810212.mp3,Tamar
1810874,heb,השוטר שרק במשרוקית שלו.,The police officer blew his whistle.,1174145,direct,80067,https://tatoeba.org/audio/download/80067,nava,,,narakeet_audio/1810874.mp3,Tamar
1811472,heb,הוא גר ברחוב הזה.,He lives on this street.,289949,direct,80074,https://tatoeba.org/audio/download/80074,nava,,,narakeet_audio/1811472.mp3,Tamar
1812899,heb,אבא שלכם נראה נחמד מאוד.,Your father seems very nice.,70966,direct,80090,https://tatoeba.org/audio/download/80090,nava,,,narakeet_audio/1812899.mp3,Tamar
1820027,heb,היא לא הכניסה אותו.,She wouldn't let him in.,311689,direct,80161,https://tatoeba.org/audio/download/80161,nava,,,narakeet_audio/1820027.mp3,Tamar
1821832,heb,נולדתי לפני עשרים שנה.,I was born 20 years ago.,259775,direct,80219,https://tatoeba.org/audio/download/80219,nava,,,narakeet_audio/1821832.mp3,Tamar
1823773,heb,אני יכול לשאול למה?,May I ask why?,1822854,direct,80237,https://tatoeba.org/audio/download/80237,nava,,,narakeet_audio/1823773.mp3,Tamar
1825442,heb,אל תשים את הכוס בקצה השולחן.,Don't put the glass near the edge of the table.,39629,direct,80269,https://tatoeba.org/audio/download/80269,nava,,,narakeet_audio/1825442.mp3,Tamar
1827224,heb,האדם צעד על הירח.,Mankind has walked on the Moon.,1826379,direct,80275,https://tatoeba.org/audio/download/80275,nava,,,narakeet_audio/1827224.mp3,Tamar
1831563,heb,בארנק שלה יש כל מיני דברים.,There are all kind of things in her wallet.,3249302,direct,80533,https://tatoeba.org/audio/download/80533,nava,,,narakeet_audio/1831563.mp3,Tamar
1836595,heb,אתה מסוגל לשמוע אותי?,Can you hear me?,250795,direct,80687,https://tatoeba.org/audio/download/80687,nava,,,narakeet_audio/1836595.mp3,Tamar
1836602,heb,יש ילדה חדשה בבית הספר.,There's a new girl in school.,1836310,direct,80688,https://tatoeba.org/audio/download/80688,nava,,,narakeet_audio/1836602.mp3,Tamar
1838657,heb,נשמח אם תוכלו לבוא אתנו.,We'd be happy if you could come with us.,1838391,direct,80753,https://tatoeba.org/audio/download/80753,nava,,,narakeet_audio/1838657.mp3,Tamar
1840053,heb,אתה יודע מה הוא אמר?,Do you know what he said?,283431,direct,80953,https://tatoeba.org/audio/download/80953,nava,,,narakeet_audio/1840053.mp3,Tamar
1840068,heb,אל תשחק ברחוב.,Don't play in the street.,280465,direct,80954,https://tatoeba.org/audio/download/80954,nava,,,narakeet_audio/1840068.mp3,Tamar
1840092,heb,הוא נעדר מבית הספר.,He is absent from school.,294820,direct,80955,https://tatoeba.org/audio/download/80955,nava,,,narakeet_audio/1840092.mp3,Tamar
1840145,heb,מה דעתכם שנלך לשחות?,How about going swimming?,26411,direct,80956,https://tatoeba.org/audio/download/80956,nava,,,narakeet_audio/1840145.mp3,Tamar
1846453,heb,אתן לך כל דבר חוץ מזה.,I'll give you anything but this.,54908,direct,81487,https://tatoeba.org/audio/download/81487,nava,,,narakeet_audio/1846453.mp3,Tamar
1849486,heb,אני רוצה לחשוב על זה.,I want to think about it.,240994,direct,81713,https://tatoeba.org/audio/download/81713,nava,,,narakeet_audio/1849486.mp3,Tamar
1849511,heb,אני אשאר כאן עד עשר.,I'll stay here until ten.,73428,direct,81714,https://tatoeba.org/audio/download/81714,nava,,,narakeet_audio/1849511.mp3,Tamar
1849624,heb,נא לפנות לעמוד עשר.,Please refer to page ten.,73367,direct,81715,https://tatoeba.org/audio/download/81715,nava,,,narakeet_audio/1849624.mp3,Tamar
1849631,heb,המחירים המשיכו לעלות.,Prices continued to rise.,319934,direct,81716,https://tatoeba.org/audio/download/81716,nava,,,narakeet_audio/1849631.mp3,Tamar
1849661,heb,היא הביטה למעלה לשמיים.,She looked up at the sky.,313347,direct,81717,https://tatoeba.org/audio/download/81717,nava,,,narakeet_audio/1849661.mp3,Tamar
1849860,heb,הדלת הזאת אינה נפתחת.,This door would not open.,60823,direct,81719,https://tatoeba.org/audio/download/81719,nava,,,narakeet_audio/1849860.mp3,Tamar
1849967,heb,איפה נמצאת הכיתה של טום?,Where is Tom's classroom?,37357,direct,81724,https://tatoeba.org/audio/download/81724,nava,,,narakeet_audio/1849967.mp3,Tamar
1850017,heb,אני הילד האמצעי מבין שלושה ילדים.,I'm the middle child of three.,1849428,direct,81725,https://tatoeba.org/audio/download/81725,nava,,,narakeet_audio/1850017.mp3,Tamar
1853540,heb,היה לו מזל והוא זכה בתחרות.,He was lucky and won the competition.,3243295,direct,81892,https://tatoeba.org/audio/download/81892,nava,,,narakeet_audio/1853540.mp3,Tamar
1856616,heb,הבוקר החלו הציפורים לשיר.,"In the morning, the birds started to sing.",383660,direct,81977,https://tatoeba.org/audio/download/81977,nava,,,narakeet_audio/1856616.mp3,Tamar
1856822,heb,ציפורים עפות בעזרת כנפיהן.,Birds fly with their wings.,278218,direct,81979,https://tatoeba.org/audio/download/81979,nava,,,narakeet_audio/1856822.mp3,Tamar
1856839,heb,הציפור טבלה ראשה במים.,The bird dipped its head into the water.,278202,direct,81980,https://tatoeba.org/audio/download/81980,nava,,,narakeet_audio/1856839.mp3,Tamar
1862904,heb,"בשל את הביצים קשות, בבקשה.","Boil my eggs hard, please.",252048,direct,82323,https://tatoeba.org/audio/download/82323,nava,,,narakeet_audio/1862904.mp3,Tamar
1863684,heb,כמה אנשים באו לגן החיות אתמול?,How many people came to the zoo yesterday?,244504,direct,82334,https://tatoeba.org/audio/download/82334,nava,,,narakeet_audio/1863684.mp3,Tamar
1866104,heb,הרי היו לך שיעורי בית להכין.,You had homework to do after all.,3249300,direct,82347,https://tatoeba.org/audio/download/82347,nava,,,narakeet_audio/1866104.mp3,Tamar
1870766,heb,הוא נעץ את מבטו במדרון התלול.,He stared at the steep slope.,296041,direct,83241,https://tatoeba.org/audio/download/83241,nava,,,narakeet_audio/1870766.mp3,Tamar
1882689,heb,נא לא להפריע לי כשאני מדברת.,Please don't interrupt me while I'm talking.,247142,direct,83810,https://tatoeba.org/audio/download/83810,nava,,,narakeet_audio/1882689.mp3,Tamar
1884801,heb,רחץ את הפנים ואת הידיים.,Wash your face and hands.,433499,direct,83981,https://tatoeba.org/audio/download/83981,nava,,,narakeet_audio/1884801.mp3,Tamar
1885806,heb,בוב אמר מילות תודה בשם חבריו לכיתה.,Bob expressed words of thanks on behalf of his classmates.,33231,direct,83985,https://tatoeba.org/audio/download/83985,nava,,,narakeet_audio/1885806.mp3,Tamar
1891651,heb,אני אוהבת את בתי.,I love my daughter.,1855062,direct,86038,https://tatoeba.org/audio/download/86038,nava,,,narakeet_audio/1891651.mp3,Tamar
1891730,heb,"זה זול, אבל מצד שני זה לא טוב.","It is cheap, but on the other hand it is not good.",42230,direct,86040,https://tatoeba.org/audio/download/86040,nava,,,narakeet_audio/1891730.mp3,Tamar
1891738,heb,הסיפור הועבר מאב לבן.,The story was handed down from father to son.,43282,direct,86041,https://tatoeba.org/audio/download/86041,nava,,,narakeet_audio/1891738.mp3,Tamar
1899294,heb,החברים שלי לא משחקים טניס.,My friends don't play tennis.,252037,direct,87221,https://tatoeba.org/audio/download/87221,nava,,,narakeet_audio/1899294.mp3,Tamar
1902995,heb,השוקולד ימס אם תחזיק אותו מחוץ למקרר.,The chocolate is going to melt if you keep it out of the fridge.,1272478,direct,87290,https://tatoeba.org/audio/download/87290,nava,,,narakeet_audio/1902995.mp3,Tamar
1919059,heb,ירד אתמול גשם קל.,There was a light rain yesterday.,244433,direct,87724,https://tatoeba.org/audio/download/87724,nava,,,narakeet_audio/1919059.mp3,Tamar
1919216,heb,ירד אתמול שלג רב.,It snowed hard yesterday.,244521,direct,87725,https://tatoeba.org/audio/download/87725,nava,,,narakeet_audio/1919216.mp3,Tamar
1923305,heb,הוא הלך לאורך החוף.,He walked along the shore.,294686,direct,87793,https://tatoeba.org/audio/download/87793,nava,,,narakeet_audio/1923305.mp3,Tamar
1926343,heb,אבי נהג לומר שהכסף הוא לא הכול.,My father used to say that money is not everything.,251704,direct,87847,https://tatoeba.org/audio/download/87847,nava,,,narakeet_audio/1926343.mp3,Tamar
1930236,heb,למה שלא נלך הביתה?,Why don't we go home?,1540,direct,87895,https://tatoeba.org/audio/download/87895,nava,,,narakeet_audio/1930236.mp3,Tamar
1939302,heb,אמנם היא צעירה אך היא נבונה.,"It is true she is young, but she is wise.",36223,direct,88551,https://tatoeba.org/audio/download/88551,nava,,,narakeet_audio/1939302.mp3,Tamar
1939625,heb,היא הייתה אמיצה.,She was brave.,317257,direct,88553,https://tatoeba.org/audio/download/88553,nava,,,narakeet_audio/1939625.mp3,Tamar
1939684,heb,נער בן שבע עשרה לרוב משתווה בגובהו לאביו.,A boy of seventeen is usually as tall as his father.,4049058,direct,88555,https://tatoeba.org/audio/download/88555,nava,,,narakeet_audio/1939684.mp3,Tamar
1945488,heb,אני לא מסוגל להסביר את ההבדל בין השניים.,I can't explain the difference between those two.,254779,direct,88617,https://tatoeba.org/audio/download/88617,nava,,,narakeet_audio/1945488.mp3,Tamar
1945686,heb,מוסיקה זו פופולרית בקרב הנוער.,This music is popular with young people.,59640,direct,88619,https://tatoeba.org/audio/download/88619,nava,,,narakeet_audio/1945686.mp3,Tamar
1945777,heb,האישה רוחצת פניה.,The woman washes her face.,463016,direct,88620,https://tatoeba.org/audio/download/88620,nava,,,narakeet_audio/1945777.mp3,Tamar
1949614,heb,שמחתי שהייתי שם.,I was glad I was there.,4049090,direct,88650,https://tatoeba.org/audio/download/88650,nava,,,narakeet_audio/1949614.mp3,Tamar
1950538,heb,תודה רבה על עזרתך.,Thank you very much for your help.,65114,direct,88671,https://tatoeba.org/audio/download/88671,nava,,,narakeet_audio/1950538.mp3,Tamar
1954005,heb,היא סקרנית לגלות מי שלח את הפרחים.,She's curious to find out who sent the flowers.,1396238,direct,89511,https://tatoeba.org/audio/download/89511,nava,,,narakeet_audio/1954005.mp3,Tamar
1954287,heb,האישה חיבקה את התינוק.,The woman hugged the baby.,1308090,direct,89535,https://tatoeba.org/audio/download/89535,nava,,,narakeet_audio/1954287.mp3,Tamar
1962659,heb,הטלפון המשיך לצלצל.,The phone kept ringing.,279290,direct,90652,https://tatoeba.org/audio/download/90652,nava,,,narakeet_audio/1962659.mp3,Tamar
1972950,heb,אני צריך לחפש את העט שלי.,I need to search for my pen.,1148932,direct,90921,https://tatoeba.org/audio/download/90921,nava,,,narakeet_audio/1972950.mp3,Tamar
1974436,heb,היא אמרה לו משהו.,She said something to him.,887359,direct,90966,https://tatoeba.org/audio/download/90966,nava,,,narakeet_audio/1974436.mp3,Tamar
1974447,heb,היא טיילה ברחבי יפן.,She traveled around Japan.,567463,direct,90967,https://tatoeba.org/audio/download/90967,nava,,,narakeet_audio/1974447.mp3,Tamar
1977374,heb,הרוח העיפה לה את הכובע.,The wind blew her hat off.,319681,direct,91111,https://tatoeba.org/audio/download/91111,nava,,,narakeet_audio/1977374.mp3,Tamar
1978433,heb,כשהם יצאו לחופש השכנים דאגו לכלב.,"While they were away on holiday, their neighbours looked after the dog.",68170,direct,91151,https://tatoeba.org/audio/download/91151,nava,,,narakeet_audio/1978433.mp3,Tamar
1980132,heb,עלינו להיות מאד זהירים.,We should be very careful.,266523,direct,91167,https://tatoeba.org/audio/download/91167,nava,,,narakeet_audio/1980132.mp3,Tamar
1980249,heb,תכתוב על כל שורה שנייה.,Write on every other line.,27794,direct,91168,https://tatoeba.org/audio/download/91168,nava,,,narakeet_audio/1980249.mp3,Tamar
1988142,heb,יש לו יותר ספרים מאשר לי.,He has more books than I do.,298042,direct,91273,https://tatoeba.org/audio/download/91273,nava,,,narakeet_audio/1988142.mp3,Tamar
1988158,heb,הוא החליט מהר.,He made up his mind quickly.,962513,direct,91274,https://tatoeba.org/audio/download/91274,nava,,,narakeet_audio/1988158.mp3,Tamar
1988178,heb,החלום שלה הוא לבקר בפריז.,Her dream is to visit Paris.,878775,direct,91275,https://tatoeba.org/audio/download/91275,nava,,,narakeet_audio/1988178.mp3,Tamar
1990097,heb,אני מאחל לך הרבה מזל.,I wish you the best of luck.,240806,direct,91367,https://tatoeba.org/audio/download/91367,nava,,,narakeet_audio/1990097.mp3,Tamar
1992534,heb,אני אוכל פירות משום שאני רעב.,I eat fruits because I am hungry.,1992368,direct,91438,https://tatoeba.org/audio/download/91438,nava,,,narakeet_audio/1992534.mp3,Tamar
1993406,heb,זה קרה מזמן.,It happened a long time ago.,6024,direct,91452,https://tatoeba.org/audio/download/91452,nava,,,narakeet_audio/1993406.mp3,Tamar
1993585,heb,היא קראה את הספר כל הלילה.,She read the book all night.,312604,direct,91455,https://tatoeba.org/audio/download/91455,nava,,,narakeet_audio/1993585.mp3,Tamar
1993661,heb,הימים מתארכים והולכים.,The days are growing longer.,277568,direct,91456,https://tatoeba.org/audio/download/91456,nava,,,narakeet_audio/1993661.mp3,Tamar
1994149,heb,איזה מין עבודה אתה עושה?,What sort of work do you do?,36649,direct,91459,https://tatoeba.org/audio/download/91459,nava,,,narakeet_audio/1994149.mp3,Tamar
1994152,heb,באיזו שעה מתחילים הלימודים בבית הספר?,What time does school begin?,21531,direct,91460,https://tatoeba.org/audio/download/91460,nava,,,narakeet_audio/1994152.mp3,Tamar
1994169,heb,בידי מי נכתב הספר?,Who was the book written by?,43911,direct,91461,https://tatoeba.org/audio/download/91461,nava,,,narakeet_audio/1994169.mp3,Tamar
1994172,heb,מאת מי הספר הזה?,Who was the book written by?,43911,direct,91462,https://tatoeba.org/audio/download/91462,nava,,,narakeet_audio/1994172.mp3,Tamar
1995252,heb,שקט אחרי הסערה.,After a storm comes a calm.,21263,direct,91546,https://tatoeba.org/audio/download/91546,nava,,,narakeet_audio/1995252.mp3,Tamar
1996048,heb,הוא נראה צעיר.,He appeared young.,299153,direct,91552,https://tatoeba.org/audio/download/91552,nava,,,narakeet_audio/1996048.mp3,Tamar
1996142,heb,הוא היה בבית.,He was at home.,294390,direct,91553,https://tatoeba.org/audio/download/91553,nava,,,narakeet_audio/1996142.mp3,Tamar
1996187,heb,זה כולו לבן.,It's all white.,593234,direct,91558,https://tatoeba.org/audio/download/91558,nava,,,narakeet_audio/1996187.mp3,Tamar
2001956,heb,טום מאוד אדיב.,Tom is very kind.,37006,direct,91618,https://tatoeba.org/audio/download/91618,nava,,,narakeet_audio/2001956.mp3,Tamar
2002811,heb,הוא העמיד פנים שהוא נרדם.,He pretended to be asleep.,2002704,direct,91659,https://tatoeba.org/audio/download/91659,nava,,,narakeet_audio/2002811.mp3,Tamar
2002857,heb,שים את הספרים שלך בצד.,Put your books away.,322116,direct,91660,https://tatoeba.org/audio/download/91660,nava,,,narakeet_audio/2002857.mp3,Tamar
2002858,heb,היא מרגישה רע היום.,She feels bad today.,313728,direct,91661,https://tatoeba.org/audio/download/91661,nava,,,narakeet_audio/2002858.mp3,Tamar
2003997,heb,הוא מנהל הרבה בתי מלון.,He runs a lot of hotels.,292752,direct,91671,https://tatoeba.org/audio/download/91671,nava,,,narakeet_audio/2003997.mp3,Tamar
2004019,heb,פגשתי אותו לפני ימים אחדים.,I met him the other day.,273122,direct,91672,https://tatoeba.org/audio/download/91672,nava,,,narakeet_audio/2004019.mp3,Tamar
2008576,heb,ייתכן שכבר קראת את הספר הזה.,You may have read this book already.,15921,direct,92618,https://tatoeba.org/audio/download/92618,nava,,,narakeet_audio/2008576.mp3,Tamar
2010512,heb,אני שומעת קולות צחוק.,I hear laughing.,1887392,direct,92680,https://tatoeba.org/audio/download/92680,nava,,,narakeet_audio/2010512.mp3,Tamar
2017477,heb,לא רצינו לעמוד בדרכו.,We didn't want to get in his way.,4048970,direct,95444,https://tatoeba.org/audio/download/95444,nava,,,narakeet_audio/2017477.mp3,Tamar
2024834,heb,הוא פגע בראשו במדף.,He hit his head on the shelf.,301377,direct,95839,https://tatoeba.org/audio/download/95839,nava,,,narakeet_audio/2024834.mp3,Tamar
2028589,heb,לא שמתי לב עד אשר אמרת.,I hadn't noticed until you said.,2028560,direct,96520,https://tatoeba.org/audio/download/96520,nava,,,narakeet_audio/2028589.mp3,Tamar
2029123,heb,האם זהו זהב טהור?,Is that pure gold?,442974,direct,96623,https://tatoeba.org/audio/download/96623,nava,,,narakeet_audio/2029123.mp3,Tamar
2035293,heb,יש לי חברה שאביה הוא שחקן מפורסם.,I have a friend whose father is a famous actor.,250016,direct,97909,https://tatoeba.org/audio/download/97909,nava,,,narakeet_audio/2035293.mp3,Tamar
2037316,heb,זה לא יהיה קל.,That won't be easy.,2272096,direct,97922,https://tatoeba.org/audio/download/97922,nava,,,narakeet_audio/2037316.mp3,Tamar
2047216,heb,האם שמעת אי פעם מוסיקה יפה כזאת?,Have you ever heard such beautiful music before?,2045870,direct,99499,https://tatoeba.org/audio/download/99499,nava,,,narakeet_audio/2047216.mp3,Tamar
2053584,heb,שמישהו יגיד לי מה קורה פה?,Would someone tell me what's going on?,2049694,direct,99932,https://tatoeba.org/audio/download/99932,nava,,,narakeet_audio/2053584.mp3,Tamar
2055089,heb,"מיקה אמרה לעצמה: ""אני ממש בת מזל"".","Mika said to herself, ""I am really lucky.""",7780976,direct,99952,https://tatoeba.org/audio/download/99952,nava,,,narakeet_audio/2055089.mp3,Tamar
2059247,heb,כל החברים שלי אוהבים כדורגל.,All of my friends like soccer.,321555,direct,100112,https://tatoeba.org/audio/download/100112,nava,,,narakeet_audio/2059247.mp3,Tamar
2060403,heb,הוא עשיר אבל הוא לא מאושר.,"He's rich, but he's not happy.",1312938,direct,100221,https://tatoeba.org/audio/download/100221,nava,,,narakeet_audio/2060403.mp3,Tamar
2060476,heb,זאת המכונית שלי.,This is my car.,56205,direct,100223,https://tatoeba.org/audio/download/100223,nava,,,narakeet_audio/2060476.mp3,Tamar
2060529,heb,האם זה חתול או כלב?,Is that a cat or a dog?,67041,direct,100229,https://tatoeba.org/audio/download/100229,nava,,,narakeet_audio/2060529.mp3,Tamar
2060553,heb,אף פעם לא ראיתי פרה אמיתית.,I've never seen a real cow.,241877,direct,100232,https://tatoeba.org/audio/download/100232,nava,,,narakeet_audio/2060553.mp3,Tamar
2060585,heb,מה שלום אבא שלך?,How is your dad?,953331,direct,100234,https://tatoeba.org/audio/download/100234,nava,,,narakeet_audio/2060585.mp3,Tamar
2060900,heb,יש לי הרבה מה לעשות היום.,I have a lot to do today.,1167465,direct,100272,https://tatoeba.org/audio/download/100272,nava,,,narakeet_audio/2060900.mp3,Tamar
2060953,heb,זה כיף לנגן בגיטרה.,Playing the guitar is fun.,63399,direct,100283,https://tatoeba.org/audio/download/100283,nava,,,narakeet_audio/2060953.mp3,Tamar
2063454,heb,"ועם זאת, ההפך תמיד נכון גם כן.","And yet, the contrary is always true as well.",1637,direct,100477,https://tatoeba.org/audio/download/100477,nava,,,narakeet_audio/2063454.mp3,Tamar
2065623,heb,אם היה לי כסף הייתי יכול לקנות את זה.,"If I had money, I could buy it.",30898,direct,100912,https://tatoeba.org/audio/download/100912,nava,,,narakeet_audio/2065623.mp3,Tamar
2066689,heb,ההורים שלי הרשו לי ללכת לשם.,My parents let me go there.,325688,direct,100916,https://tatoeba.org/audio/download/100916,nava,,,narakeet_audio/2066689.mp3,Tamar
2067787,heb,את מאוד אמיצה.,You are very brave.,16474,direct,100933,https://tatoeba.org/audio/download/100933,nava,,,narakeet_audio/2067787.mp3,Tamar
2067821,heb,שכבנו על הדשא.,We lay on the grass.,249009,direct,100934,https://tatoeba.org/audio/download/100934,nava,,,narakeet_audio/2067821.mp3,Tamar
2068697,heb,אני אוכלת תפוח.,I am eating an apple.,29612,direct,100948,https://tatoeba.org/audio/download/100948,nava,,,narakeet_audio/2068697.mp3,Tamar
2073045,heb,אני מדברת עם תום.,I am talking with Tom.,255281,direct,100981,https://tatoeba.org/audio/download/100981,nava,,,narakeet_audio/2073045.mp3,Tamar
2073121,heb,אני כל כך שמחה.,I'm so happy.,321673,direct,100982,https://tatoeba.org/audio/download/100982,nava,,,narakeet_audio/2073121.mp3,Tamar
2073135,heb,היא קראה לו.,She called him.,887027,direct,100983,https://tatoeba.org/audio/download/100983,nava,,,narakeet_audio/2073135.mp3,Tamar
2074482,heb,"חברה, תנו לי לשאול אתכם משהו.",Let me ask you guys something.,2064825,direct,100991,https://tatoeba.org/audio/download/100991,nava,,,narakeet_audio/2074482.mp3,Tamar
2074506,heb,אני רעבה כי לא אכלתי ארוחת צהריים.,I am hungry because I did not eat lunch.,259470,direct,100992,https://tatoeba.org/audio/download/100992,nava,,,narakeet_audio/2074506.mp3,Tamar
2074508,heb,אני רעב מכיוון שלא אכלתי ארוחת צהריים.,I am hungry because I did not eat lunch.,259470,direct,100993,https://tatoeba.org/audio/download/100993,nava,,,narakeet_audio/2074508.mp3,Tamar
2074558,heb,"מצאת משהו, הלא כן?","You found something, didn't you?",2064890,direct,100994,https://tatoeba.org/audio/download/100994,nava,,,narakeet_audio/2074558.mp3,Tamar
2078028,heb,סיימתי את העבודה כעבור פחות משעה.,I finished the work in less than an hour.,47613,direct,101041,https://tatoeba.org/audio/download/101041,nava,,,narakeet_audio/2078028.mp3,Tamar
2078396,heb,יש משהו על הרצפה.,There's something on the floor.,2064163,direct,101051,https://tatoeba.org/audio/download/101051,nava,,,narakeet_audio/2078396.mp3,Tamar
2078619,heb,התעוררתי מוקדם כדי להיות בישיבה.,I got up early in order to attend the meeting.,256567,direct,101052,https://tatoeba.org/audio/download/101052,nava,,,narakeet_audio/2078619.mp3,Tamar
2078812,heb,הייתי רוצה עוד שמיכה אחת.,I'd like one more blanket.,323546,direct,101053,https://tatoeba.org/audio/download/101053,nava,,,narakeet_audio/2078812.mp3,Tamar
2078840,heb,קניתי עט אך איבדתי אותו.,"I bought a pen, but I lost it.",255575,direct,101054,https://tatoeba.org/audio/download/101054,nava,,,narakeet_audio/2078840.mp3,Tamar
2078913,heb,"הוא היה חולה, אז הוא לא יצא החוצה.","He was sick, so he did not go out.",303095,direct,101055,https://tatoeba.org/audio/download/101055,nava,,,narakeet_audio/2078913.mp3,Tamar
2079097,heb,לך ותראה מי זה.,Go and see who it is.,276272,direct,101059,https://tatoeba.org/audio/download/101059,nava,,,narakeet_audio/2079097.mp3,Tamar
2082356,heb,לתום התגלה עולם חדש.,Tom became aware of a brand new world.,2069484,direct,101095,https://tatoeba.org/audio/download/101095,nava,,,narakeet_audio/2082356.mp3,Tamar
2094097,heb,כל אדם הוא מיוחד.,Every person is unique.,2094641,direct,101542,https://tatoeba.org/audio/download/101542,nava,,,narakeet_audio/2094097.mp3,Tamar
2095850,heb,האם יש למישהו שאלות אחרות?,Does anyone have any other questions?,2092569,direct,101820,https://tatoeba.org/audio/download/101820,nava,,,narakeet_audio/2095850.mp3,Tamar
2097376,heb,זה לא השם שלי.,It is not my name.,2097375,direct,101869,https://tatoeba.org/audio/download/101869,nava,,,narakeet_audio/2097376.mp3,Tamar
2098370,heb,הוא מסוגל לרוץ מאה מטרים בפחות מעשר שניות.,He can run a hundred meters in less than ten seconds.,4048963,direct,101905,https://tatoeba.org/audio/download/101905,nava,,,narakeet_audio/2098370.mp3,Tamar
2118673,heb,השמים לא יהיו בהירים.,The skies won't be clear.,594747,direct,103425,https://tatoeba.org/audio/download/103425,nava,,,narakeet_audio/2118673.mp3,Tamar
2124609,heb,כולם עמדו.,Everyone stood.,2111869,direct,103596,https://tatoeba.org/audio/download/103596,nava,,,narakeet_audio/2124609.mp3,Tamar
2134235,heb,האם תוכל להתקשר בחזרה אחר כך?,"Could you call again later, please?",1824,direct,103668,https://tatoeba.org/audio/download/103668,nava,,,narakeet_audio/2134235.mp3,Tamar
2134906,heb,האם הם אמרו מדוע?,Did they say why?,1886207,direct,103677,https://tatoeba.org/audio/download/103677,nava,,,narakeet_audio/2134906.mp3,Tamar
2141285,heb,קיבלתי חיסון נגד שפעת.,I had a flu shot.,65712,direct,103764,https://tatoeba.org/audio/download/103764,nava,,,narakeet_audio/2141285.mp3,Tamar
2141834,heb,אתה זוכר אותנו?,Do you remember us?,434614,direct,103770,https://tatoeba.org/audio/download/103770,nava,,,narakeet_audio/2141834.mp3,Tamar
2164754,heb,הוא פיטר את המזכירה שלו.,He let his secretary go.,302955,direct,104055,https://tatoeba.org/audio/download/104055,nava,,,narakeet_audio/2164754.mp3,Tamar
2168040,heb,עלינו להתחיל בהתחלה.,We must start at the beginning.,3516208,direct,104091,https://tatoeba.org/audio/download/104091,nava,,,narakeet_audio/2168040.mp3,Tamar
2177709,heb,טום נפל ונפצע בידו.,Tom fell and hurt his hand.,4048950,direct,104227,https://tatoeba.org/audio/download/104227,nava,,,narakeet_audio/2177709.mp3,Tamar
2199252,heb,מה את עושה עכשיו?,What are you doing now?,241947,direct,104725,https://tatoeba.org/audio/download/104725,nava,,,narakeet_audio/2199252.mp3,Tamar
2200814,heb,רצתי במורד המדרגות.,I ran downstairs.,2199060,direct,104782,https://tatoeba.org/audio/download/104782,nava,,,narakeet_audio/2200814.mp3,Tamar
2205412,heb,התלמידים צחקו.,The students laughed.,370609,direct,106428,https://tatoeba.org/audio/download/106428,nava,,,narakeet_audio/2205412.mp3,Tamar
2206598,heb,חשבתי שאולי תרצה ללכת איתי.,I thought you might want to come along.,1961655,direct,106536,https://tatoeba.org/audio/download/106536,nava,,,narakeet_audio/2206598.mp3,Tamar
2213066,heb,זה הספר הטוב ביותר שקראתי עד כה.,This is the best book I've read so far.,3249299,direct,107434,https://tatoeba.org/audio/download/107434,nava,,,narakeet_audio/2213066.mp3,Tamar
2226512,heb,היא חיבבה אותו מיד בהתחלה.,She liked him right off.,388401,direct,108395,https://tatoeba.org/audio/download/108395,nava,,,narakeet_audio/2226512.mp3,Tamar
2232555,heb,שְׁמה תִקווה והיא אוהבת חתולים.,Her name is Hope and she loves cats.,2232536,direct,108500,https://tatoeba.org/audio/download/108500,nava,,,narakeet_audio/2232555.mp3,Tamar
2247371,heb,האניה פונה לעבר הנמל.,The ship is turning toward the port.,4066202,direct,113842,https://tatoeba.org/audio/download/113842,nava,,,narakeet_audio/2247371.mp3,Tamar
2253621,heb,לבסוף הבנתי.,I finally understand.,2245774,direct,116956,https://tatoeba.org/audio/download/116956,nava,,,narakeet_audio/2253621.mp3,Tamar
2274302,heb,תום לא חשב כך.,Tom didn't think so.,2272433,direct,121101,https://tatoeba.org/audio/download/121101,nava,,,narakeet_audio/2274302.mp3,Tamar
2292735,heb,שאלתי איפה תום נמצא.,I asked where Tom was.,2291935,direct,123965,https://tatoeba.org/audio/download/123965,nava,,,narakeet_audio/2292735.mp3,Tamar
2294224,heb,מי הנער הזה?,Who is that boy?,67978,direct,124257,https://tatoeba.org/audio/download/124257,nava,,,narakeet_audio/2294224.mp3,Tamar
2308476,heb,אל דאגה. זה לא יקרה שוב.,Don't worry. This won't happen again.,2289018,direct,125468,https://tatoeba.org/audio/download/125468,nava,,,narakeet_audio/2308476.mp3,Tamar
2313820,heb,בחרתי את התשובה הלא נכונה.,I chose the wrong answer.,2307983,direct,125625,https://tatoeba.org/audio/download/125625,nava,,,narakeet_audio/2313820.mp3,Tamar
2340022,heb,זה היה היום הטוב ביותר בחיי.,That was the best day of my life.,1783,direct,127986,https://tatoeba.org/audio/download/127986,nava,,,narakeet_audio/2340022.mp3,Tamar
2354247,heb,הוא דובר שפה אחת בלבד.,He only speaks one language.,2344739,direct,128211,https://tatoeba.org/audio/download/128211,nava,,,narakeet_audio/2354247.mp3,Tamar
2375201,heb,רק רציתי ללמד אותך לקח.,I just wanted to teach you a lesson.,2374115,direct,132306,https://tatoeba.org/audio/download/132306,nava,,,narakeet_audio/2375201.mp3,Tamar
2380084,heb,לאיזה כיוון אתה הולך?,Where are you heading?,669130,direct,133501,https://tatoeba.org/audio/download/133501,nava,,,narakeet_audio/2380084.mp3,Tamar
2382628,heb,אני יודע שתעשו מה שצריך.,I know you'll do what needs to be done.,2476139,direct,133685,https://tatoeba.org/audio/download/133685,nava,,,narakeet_audio/2382628.mp3,Tamar
2386188,heb,כבר חלפו חמש שנים מאז הם שבו מיפן.,It's already been five years since they returned from Japan.,2389341,direct,133705,https://tatoeba.org/audio/download/133705,nava,,,narakeet_audio/2386188.mp3,Tamar
2566232,heb,מה הוא עשה לאחר מכן?,What did he do after that?,1987951,direct,151993,https://tatoeba.org/audio/download/151993,nava,,,narakeet_audio/2566232.mp3,Tamar
2567981,heb,אני לא מוצא את הגרב השנייה.,I'm not finding the second sock.,2885782,direct,152007,https://tatoeba.org/audio/download/152007,nava,,,narakeet_audio/2567981.mp3,Tamar
2569147,heb,ים המלח הוא המקום הכי נמוך בעולם.,The Dead Sea is the lowest place on earth.,2569156,direct,152036,https://tatoeba.org/audio/download/152036,nava,,,narakeet_audio/2569147.mp3,Tamar
2593329,heb,אני חושבת שכן.,I think so.,254072,direct,152418,https://tatoeba.org/audio/download/152418,nava,,,narakeet_audio/2593329.mp3,Tamar
2597099,heb,הלכנו בעקבות טום.,We followed Tom.,2240291,direct,152464,https://tatoeba.org/audio/download/152464,nava,,,narakeet_audio/2597099.mp3,Tamar
2671449,heb,"אכן, היינו שבעה אנשים.","Indeed, there were seven of us.",2674959,direct,162526,https://tatoeba.org/audio/download/162526,nava,,,narakeet_audio/2671449.mp3,Tamar
2676122,heb,הם שמו את כל הבנים ביחד.,They put all the boys together.,2676120,direct,162640,https://tatoeba.org/audio/download/162640,nava,,,narakeet_audio/2676122.mp3,Tamar
2689120,heb,הוא צלצל והיא ענתה.,He would ring and she would respond.,2689111,direct,162804,https://tatoeba.org/audio/download/162804,nava,,,narakeet_audio/2689120.mp3,Tamar
2694878,heb,הוא יושב על הספסל.,He's sitting on the bench.,2694205,direct,162893,https://tatoeba.org/audio/download/162893,nava,,,narakeet_audio/2694878.mp3,Tamar
2754057,heb,אתה יכול לסמוך עליהם.,You can trust them.,1765699,direct,165706,https://tatoeba.org/audio/download/165706,nava,,,narakeet_audio/2754057.mp3,Tamar
2783873,heb,לא הבנתי את השאלה שלך.,I didn't understand your question.,2949746,direct,166546,https://tatoeba.org/audio/download/166546,nava,,,narakeet_audio/2783873.mp3,Tamar
2857220,heb,גדלת ליד חוף הים?,Did you grow up near a beach?,2486701,indirect,168640,https://tatoeba.org/audio/download/168640,nava,,,narakeet_audio/2857220.mp3,Tamar
2908545,heb,"אחריו, אני הרץ הכי מהיר בכיתתי.","Next to him, I'm the fastest runner in our class.",253404,direct,171902,https://tatoeba.org/audio/download/171902,nava,,,narakeet_audio/2908545.mp3,Tamar
2909537,heb,"תגביר את הקול, בבקשה.",Please speak more loudly.,450078,direct,171926,https://tatoeba.org/audio/download/171926,nava,,,narakeet_audio/2909537.mp3,Tamar
2960424,heb,תום הגביר את קולו.,Tom raised his voice.,1024304,direct,176977,https://tatoeba.org/audio/download/176977,nava,,,narakeet_audio/2960424.mp3,Tamar
3001502,heb,מובן שגם זה אפשרי.,Of course this is also possible.,3249298,direct,178273,https://tatoeba.org/audio/download/178273,nava,,,narakeet_audio/3001502.mp3,Tamar
3011734,heb,הוא בטח ישאיל לך ספר.,I'm sure he will lend you a book.,3249296,direct,178564,https://tatoeba.org/audio/download/178564,nava,,,narakeet_audio/3011734.mp3,Tamar
3027160,heb,תום דיבר צרפתית.,Tom spoke French.,2451684,direct,179983,https://tatoeba.org/audio/download/179983,nava,,,narakeet_audio/3027160.mp3,Tamar
3028019,heb,"סליחה, אפשר לעבור?",Excuse me. May I get by?,51483,direct,179994,https://tatoeba.org/audio/download/179994,nava,,,narakeet_audio/3028019.mp3,Tamar
3065743,heb,עדיף מאוחר מאשר לעולם לא.,Better late than never.,2344,direct,180611,https://tatoeba.org/audio/download/180611,nava,,,narakeet_audio/3065743.mp3,Tamar
3095501,heb,מי רוצה שוקו חם?,Who wants some hot chocolate?,1706,direct,181321,https://tatoeba.org/audio/download/181321,nava,,,narakeet_audio/3095501.mp3,Tamar
3097451,heb,זה ממש טוב.,This is very good.,55871,direct,181683,https://tatoeba.org/audio/download/181683,nava,,,narakeet_audio/3097451.mp3,Tamar
3097624,heb,אני הולכת ברגל לבית הספר בכל יום.,I walk to school every day.,261836,direct,181686,https://tatoeba.org/audio/download/181686,nava,,,narakeet_audio/3097624.mp3,Tamar
3097687,heb,יש להם עכשיו שלושה ילדים.,They now have three kids.,3249293,direct,181687,https://tatoeba.org/audio/download/181687,nava,,,narakeet_audio/3097687.mp3,Tamar
3191737,heb,אני אוהבת גם חתולים וגם כלבים.,I like both cats and dogs.,1355661,direct,191454,https://tatoeba.org/audio/download/191454,nava,,,narakeet_audio/3191737.mp3,Tamar
3191753,heb,אני לומדת אנגלית כבר חמש שנים.,I have been studying English for five years.,257319,direct,191455,https://tatoeba.org/audio/download/191455,nava,,,narakeet_audio/3191753.mp3,Tamar
3191967,heb,הוא ישב ליד הנחל.,He sat next to the stream.,530769,direct,191466,https://tatoeba.org/audio/download/191466,nava,,,narakeet_audio/3191967.mp3,Tamar
3192176,heb,התה הזה מר מדי.,This tea is too bitter.,1064226,direct,191468,https://tatoeba.org/audio/download/191468,nava,,,narakeet_audio/3192176.mp3,Tamar
3192180,heb,במסיבה היו יותר ממאה אנשים.,There were more than a hundred people at the party.,3249285,direct,191469,https://tatoeba.org/audio/download/191469,nava,,,narakeet_audio/3192180.mp3,Tamar
3192231,heb,"במקום ללכת לבית הספר, הוא נשאר בבית.","Instead of going to school, he stayed at home.",21597,direct,191470,https://tatoeba.org/audio/download/191470,nava,,,narakeet_audio/3192231.mp3,Tamar
3192296,heb,המורה שאלה אותי איזה ספר אני אוהבת.,The teacher asked me which book I liked.,272894,direct,191471,https://tatoeba.org/audio/download/191471,nava,,,narakeet_audio/3192296.mp3,Tamar
3195381,heb,אני קוראת את פרק ג' בספר.,I'm reading chapter three of the book.,3249412,direct,191510,https://tatoeba.org/audio/download/191510,nava,,,narakeet_audio/3195381.mp3,Tamar
3195509,heb,הוא ספר עד המספר מאה.,He counted to one hundred.,3195514,direct,191512,https://tatoeba.org/audio/download/191512,nava,,,narakeet_audio/3195509.mp3,Tamar
3195747,heb,מה זה הדבר הזה?,What is that?,464592,direct,191521,https://tatoeba.org/audio/download/191521,nava,,,narakeet_audio/3195747.mp3,Tamar
3195748,heb,שנהיה לראש ולא לזנב.,May we be made the head and not the tail.,3249583,direct,191522,https://tatoeba.org/audio/download/191522,nava,,,narakeet_audio/3195748.mp3,Tamar
3195789,heb,אני רואה עשרה ילדים.,I can see ten kids.,3249407,direct,191523,https://tatoeba.org/audio/download/191523,nava,,,narakeet_audio/3195789.mp3,Tamar
3195937,heb,הם בחרו בי לוועד הכיתה.,They elected me to the student body class.,3249565,direct,191530,https://tatoeba.org/audio/download/191530,nava,,,narakeet_audio/3195937.mp3,Tamar
3196919,heb,קיבלתי ציון מצוין במבחן וזה מאוד משמח אותי.,"I got an excellent grade on the test, and that makes me very happy.",4049085,direct,191564,https://tatoeba.org/audio/download/191564,nava,,,narakeet_audio/3196919.mp3,Tamar
3196931,heb,טום פתח את עיניו והביט סביבו.,Tom opened his eyes and looked around.,1872467,direct,191565,https://tatoeba.org/audio/download/191565,nava,,,narakeet_audio/3196931.mp3,Tamar
3197062,heb,אני מלמדת אותן לשחות.,I'm teaching them to swim.,3249400,direct,191570,https://tatoeba.org/audio/download/191570,nava,,,narakeet_audio/3197062.mp3,Tamar
3197100,heb,"המורה שלנו אמרה: ""כמובן שאתם יכולים"".","Our teacher said: ""Of course you can"".",3249277,direct,191571,https://tatoeba.org/audio/download/191571,nava,,,narakeet_audio/3197100.mp3,Tamar
3197244,heb,זה נחמד מצדו להביא מתנות כאלה.,It's nice of him to bring such presents.,3249272,direct,191576,https://tatoeba.org/audio/download/191576,nava,,,narakeet_audio/3197244.mp3,Tamar
3197331,heb,שלומי טוב. ומה שלומך?,I'm fine. And how are you?,3249270,direct,191577,https://tatoeba.org/audio/download/191577,nava,,,narakeet_audio/3197331.mp3,Tamar
3197343,heb,המלך הזמין את כולם למסיבה.,The king invited everyone to a party.,3249269,direct,191578,https://tatoeba.org/audio/download/191578,nava,,,narakeet_audio/3197343.mp3,Tamar
3197394,heb,אני דווקא חושבת שזה רעיון טוב מאוד.,I actually think it's a great idea.,3249265,direct,191581,https://tatoeba.org/audio/download/191581,nava,,,narakeet_audio/3197394.mp3,Tamar
3197623,heb,העיר בה נולדתי היא תל אביב.,My hometown is Tel Aviv.,3249264,direct,191582,https://tatoeba.org/audio/download/191582,nava,,,narakeet_audio/3197623.mp3,Tamar
3197624,heb,הוא מספר את השיער של הילד.,He is cutting the boy's hair.,3249260,direct,191583,https://tatoeba.org/audio/download/191583,nava,,,narakeet_audio/3197624.mp3,Tamar
3197625,heb,הוא מספר מה עשה בחופש הגדול.,He is telling us what he did in the summer vacation.,3249262,direct,191584,https://tatoeba.org/audio/download/191584,nava,,,narakeet_audio/3197625.mp3,Tamar
3197635,heb,היא אוהבת לעבוד קשה.,She likes working hard.,3249257,direct,191585,https://tatoeba.org/audio/download/191585,nava,,,narakeet_audio/3197635.mp3,Tamar
3197636,heb,זאת שאלה קשה.,This is a difficult question.,3249255,direct,191586,https://tatoeba.org/audio/download/191586,nava,,,narakeet_audio/3197636.mp3,Tamar
3197637,heb,זה מבחן קשה מאוד.,This is a very difficult exam.,3249253,direct,191587,https://tatoeba.org/audio/download/191587,nava,,,narakeet_audio/3197637.mp3,Tamar
3197638,heb,איש לא ידע מי היא.,No one knew who she was.,3249252,direct,191588,https://tatoeba.org/audio/download/191588,nava,,,narakeet_audio/3197638.mp3,Tamar
3197639,heb,יש צלחות נקיות בתוך הארון ועל השולחן.,There are clean plates inside the closet and on the table.,3249249,direct,191589,https://tatoeba.org/audio/download/191589,nava,,,narakeet_audio/3197639.mp3,Tamar
3197642,heb,מר כהן לימד אותנו חשבון.,Mr. Cohen taught us math.,3249248,direct,191590,https://tatoeba.org/audio/download/191590,nava,,,narakeet_audio/3197642.mp3,Tamar
3197766,heb,אני מכירה חלק מהילדים בכיתה.,I know some of the kids in the class.,3249247,direct,191595,https://tatoeba.org/audio/download/191595,nava,,,narakeet_audio/3197766.mp3,Tamar
3197833,heb,הכנתי לכן הפתעה.,I prepared a surprise for you.,3249241,direct,191596,https://tatoeba.org/audio/download/191596,nava,,,narakeet_audio/3197833.mp3,Tamar
3199737,heb,אולי אהיה רופא ואם כן אעזור לרפא אנשים חולים.,Perhaps I will be a doctor and if yes I will help cure sick people.,3249236,direct,191704,https://tatoeba.org/audio/download/191704,nava,,,narakeet_audio/3199737.mp3,Tamar
3199738,heb,המורה שלנו למתמטיקה ציירה מעגל על הלוח.,Our math teacher drew a circle on the blackboard.,247580,direct,191705,https://tatoeba.org/audio/download/191705,nava,,,narakeet_audio/3199738.mp3,Tamar
3199750,heb,הם יושבים אחד אחרי השני.,They are sitting one after the other.,3249222,direct,191706,https://tatoeba.org/audio/download/191706,nava,,,narakeet_audio/3199750.mp3,Tamar
3199757,heb,את יכולה להגיד לי מה השעה?,Can you tell me the time?,264007,direct,191707,https://tatoeba.org/audio/download/191707,nava,,,narakeet_audio/3199757.mp3,Tamar
3199776,heb,"הוא הביט בי ואמר: ""שלום!""","He looked at me and said: ""Hello!""",3249216,direct,191715,https://tatoeba.org/audio/download/191715,nava,,,narakeet_audio/3199776.mp3,Tamar
3199798,heb,הארץ הזאת היא הבית שלי.,This land is my home.,3249214,direct,191717,https://tatoeba.org/audio/download/191717,nava,,,narakeet_audio/3199798.mp3,Tamar
3199815,heb,התחלתי ולכן אסיים.,I started so I'll finish.,3249206,direct,191718,https://tatoeba.org/audio/download/191718,nava,,,narakeet_audio/3199815.mp3,Tamar
3200244,heb,המורה החדשה נמצאת בכיתה.,The new teacher is in the class.,370675,direct,192068,https://tatoeba.org/audio/download/192068,nava,,,narakeet_audio/3200244.mp3,Tamar
3200529,heb,"זה סיפור מעניין, מצחיק ואפילו מרגש.","This story is interesting, funny and even moving.",3249152,direct,192264,https://tatoeba.org/audio/download/192264,nava,,,narakeet_audio/3200529.mp3,Tamar
3202452,heb,"הוא הרים את ידו, וכך גם תומר.",He raised his hand and so did Tomer.,3249150,direct,193561,https://tatoeba.org/audio/download/193561,nava,,,narakeet_audio/3202452.mp3,Tamar
3205481,heb,אני נולדתי בישראל.,I was born in Israel.,3249149,direct,194057,https://tatoeba.org/audio/download/194057,nava,,,narakeet_audio/3205481.mp3,Tamar
3205505,heb,הוא הניח כתר על ראשו של המלך.,He put a crown on the king's head.,3249147,direct,194058,https://tatoeba.org/audio/download/194058,nava,,,narakeet_audio/3205505.mp3,Tamar
3205508,heb,עוד כמה שעות המסיבה מתחילה?,How many more hours will it be until the party begins?,3249144,direct,194059,https://tatoeba.org/audio/download/194059,nava,,,narakeet_audio/3205508.mp3,Tamar
3205634,heb,היא מבינה אנגלית ואף כותבת באנגלית.,She understands English and even writes in English.,3249170,direct,194060,https://tatoeba.org/audio/download/194060,nava,,,narakeet_audio/3205634.mp3,Tamar
3206265,heb,לא ידעתי שהייתה כאן בריכה.,I didn't know that there was a swimming pool here.,3249142,direct,194062,https://tatoeba.org/audio/download/194062,nava,,,narakeet_audio/3206265.mp3,Tamar
3206272,heb,נולדתי בישראל בשנת 2002.,I was born in Israel in 2002.,3249132,direct,194063,https://tatoeba.org/audio/download/194063,nava,,,narakeet_audio/3206272.mp3,Tamar
3206325,heb,אני בטוחה שאם תתאמץ אז תצליח.,I'm certain that if you try hard you will succeed.,3249124,direct,194064,https://tatoeba.org/audio/download/194064,nava,,,narakeet_audio/3206325.mp3,Tamar
3206393,heb,יש לה שכן שהגיע מיפן.,She has a neighbor who arrived from Japan.,3249118,direct,194066,https://tatoeba.org/audio/download/194066,nava,,,narakeet_audio/3206393.mp3,Tamar
3211147,heb,החדר בסוף המסדרון.,The room is at the end of the hall.,44214,direct,194123,https://tatoeba.org/audio/download/194123,nava,,,narakeet_audio/3211147.mp3,Tamar
3214168,heb,מה אתם רוצים להיות כשתהיו גדולים?,What do you want to be when you grow up?,15915,direct,194177,https://tatoeba.org/audio/download/194177,nava,,,narakeet_audio/3214168.mp3,Tamar
3217052,heb,כמה חברות קרובות יש לך?,How many close friends do you have?,1354,direct,194206,https://tatoeba.org/audio/download/194206,nava,,,narakeet_audio/3217052.mp3,Tamar
3220649,heb,תום נוהג בזהירות.,Tom drives safely.,1094207,direct,194273,https://tatoeba.org/audio/download/194273,nava,,,narakeet_audio/3220649.mp3,Tamar
3225883,heb,מילה זו אינה נפוצה.,This word is not in common use.,57968,direct,194681,https://tatoeba.org/audio/download/194681,nava,,,narakeet_audio/3225883.mp3,Tamar
3228741,heb,כמה הברות יש למילה הזו?,How many syllables does this word have?,1820593,direct,194834,https://tatoeba.org/audio/download/194834,nava,,,narakeet_audio/3228741.mp3,Tamar
3240492,heb,אימא וגם אבא הלכו לעבודה.,Both mom and dad went to work.,3240494,direct,195149,https://tatoeba.org/audio/download/195149,nava,,,narakeet_audio/3240492.mp3,Tamar
3240502,heb,מהם חמשת החושים?,What are the five senses?,3240513,direct,195151,https://tatoeba.org/audio/download/195151,nava,,,narakeet_audio/3240502.mp3,Tamar
3241952,heb,השמש המיסה את השלג.,The sun melted the snow.,275079,direct,195284,https://tatoeba.org/audio/download/195284,nava,,,narakeet_audio/3241952.mp3,Tamar
3244620,heb,מספיק ודי!,Enough is enough!,678848,direct,195299,https://tatoeba.org/audio/download/195299,nava,,,narakeet_audio/3244620.mp3,Tamar
3244828,heb,היה כיף לחגוג יחד.,It was fun to celebrate together.,3244831,direct,195305,https://tatoeba.org/audio/download/195305,nava,,,narakeet_audio/3244828.mp3,Tamar
3280258,heb,הילד רץ אל אמו.,The child ran to his mother.,3022412,direct,195981,https://tatoeba.org/audio/download/195981,nava,,,narakeet_audio/3280258.mp3,Tamar
3451721,heb,אני רוצה לאכול משהו.,I want something to eat.,25072,direct,214212,https://tatoeba.org/audio/download/214212,nava,,,narakeet_audio/3451721.mp3,Tamar
3505670,heb,היא הצטננה אתמול בלילה.,She caught a cold last night.,313850,direct,215933,https://tatoeba.org/audio/download/215933,nava,,,narakeet_audio/3505670.mp3,Tamar
3505744,heb,הוא רגיל לטפס על הרים.,He's used to climbing mountains.,1315780,direct,215934,https://tatoeba.org/audio/download/215934,nava,,,narakeet_audio/3505744.mp3,Tamar
3505762,heb,תשאיר את הדלת פתוחה.,Keep the door open.,39010,direct,215944,https://tatoeba.org/audio/download/215944,nava,,,narakeet_audio/3505762.mp3,Tamar
3506838,heb,"היא הביטה בי ואמרה: ""שלום!""","She looked at me and said ""Hi!""",4049056,direct,216024,https://tatoeba.org/audio/download/216024,nava,,,narakeet_audio/3506838.mp3,Tamar
3506954,heb,תום עובד עבור הממשלה.,Tom works for the government.,2542746,direct,216035,https://tatoeba.org/audio/download/216035,nava,,,narakeet_audio/3506954.mp3,Tamar
3507206,heb,אני משחקת עכשיו כדור עף.,I am playing volleyball now.,257465,direct,216036,https://tatoeba.org/audio/download/216036,nava,,,narakeet_audio/3507206.mp3,Tamar
3507264,heb,הם נראו מאוד מאושרים.,They looked very happy.,292093,direct,216037,https://tatoeba.org/audio/download/216037,nava,,,narakeet_audio/3507264.mp3,Tamar
3507274,heb,תשחזר את צעדיך ואולי תמצא את המפתחות שלך.,Retrace your steps and maybe you'll find your keys.,2760961,direct,216039,https://tatoeba.org/audio/download/216039,nava,,,narakeet_audio/3507274.mp3,Tamar
3508724,heb,האם את יודעת לאן הוא הלך?,Do you know where he went?,283222,direct,216090,https://tatoeba.org/audio/download/216090,nava,,,narakeet_audio/3508724.mp3,Tamar
3508899,heb,היא שמה את המפתח בתיק שלה.,She put the key in her bag.,1005986,direct,216096,https://tatoeba.org/audio/download/216096,nava,,,narakeet_audio/3508899.mp3,Tamar
3508993,heb,מה יש שמה?,What is over there?,25235,direct,216098,https://tatoeba.org/audio/download/216098,nava,,,narakeet_audio/3508993.mp3,Tamar
3509025,heb,ראיתי מספר נשים רוכבות על האופניים שלהן.,I saw several women riding their bicycles.,3509022,direct,216102,https://tatoeba.org/audio/download/216102,nava,,,narakeet_audio/3509025.mp3,Tamar
3509042,heb,אולם הספורט החדש גדול ויפה.,The new sports complex is nice and big.,4066223,direct,216103,https://tatoeba.org/audio/download/216103,nava,,,narakeet_audio/3509042.mp3,Tamar
3509221,heb,"אני שומע אותך, אולם אני לא יכול לראות אותך.","I can hear you, but I can't see you.",17015,direct,216104,https://tatoeba.org/audio/download/216104,nava,,,narakeet_audio/3509221.mp3,Tamar
3509932,heb,תשים עין על התיקים.,Keep an eye on the bags.,35156,direct,216132,https://tatoeba.org/audio/download/216132,nava,,,narakeet_audio/3509932.mp3,Tamar
3509969,heb,הייתה לו עמדה חזקה בנושא.,He had a strong stance on the subject.,4048948,direct,216133,https://tatoeba.org/audio/download/216133,nava,,,narakeet_audio/3509969.mp3,Tamar
3510041,heb,אני אוהבת לאכול תמר עם שקדים.,I like to eat a date with almonds.,4048947,direct,216141,https://tatoeba.org/audio/download/216141,nava,,,narakeet_audio/3510041.mp3,Tamar
3512584,heb,הנעליים שלי קטנות מדי. אני צריך נעליים חדשות.,My shoes are too small. I need new ones.,1721,direct,216226,https://tatoeba.org/audio/download/216226,nava,,,narakeet_audio/3512584.mp3,Tamar
3512595,heb,יש לה מספיק כוח רצון.,She has enough willpower.,1980473,direct,216229,https://tatoeba.org/audio/download/216229,nava,,,narakeet_audio/3512595.mp3,Tamar
3512603,heb,הכלב השחור רץ.,The black dog ran.,632211,direct,216230,https://tatoeba.org/audio/download/216230,nava,,,narakeet_audio/3512603.mp3,Tamar
3512743,heb,אפשר לדבר עם מרת בראון?,May I talk to Ms. Brown?,1619,direct,216231,https://tatoeba.org/audio/download/216231,nava,,,narakeet_audio/3512743.mp3,Tamar
3514353,heb,הם הלכו לקניון ושם אכלו וראו סרט.,"They went to the mall, where they ate and watched a movie.",3696715,direct,216299,https://tatoeba.org/audio/download/216299,nava,,,narakeet_audio/3514353.mp3,Tamar
3514370,heb,האם ישנם כוכבים שבהם חיים אחרים?,Are there stars with other forms of life on them?,4048946,direct,216301,https://tatoeba.org/audio/download/216301,nava,,,narakeet_audio/3514370.mp3,Tamar
3514451,heb,היא רצתה לקנות את הספר.,She wanted to buy the book.,3696714,direct,216302,https://tatoeba.org/audio/download/216302,nava,,,narakeet_audio/3514451.mp3,Tamar
3514577,heb,היא ראתה אותו אוכל כריך.,She saw him eating a sandwich.,887369,direct,216304,https://tatoeba.org/audio/download/216304,nava,,,narakeet_audio/3514577.mp3,Tamar
3514612,heb,אין עשן בלא אש.,There is no smoke without fire.,23884,direct,216307,https://tatoeba.org/audio/download/216307,nava,,,narakeet_audio/3514612.mp3,Tamar
3514875,heb,חדר המורים ואולם הספורט בשיפוצים.,The teachers' room and the gym are under renovation.,3696712,direct,216308,https://tatoeba.org/audio/download/216308,nava,,,narakeet_audio/3514875.mp3,Tamar
3514891,heb,אבא ואמא הלכו למסיבה.,Mom and Dad went to a party.,3519352,direct,216309,https://tatoeba.org/audio/download/216309,nava,,,narakeet_audio/3514891.mp3,Tamar
3515398,heb,הוא פנה בעניין למורה.,"Interested, he turned to the teacher.",4048945,direct,216364,https://tatoeba.org/audio/download/216364,nava,,,narakeet_audio/3515398.mp3,Tamar
3516176,heb,הם היו נחמדים אחד כלפי השני.,They were nice to each other.,3516177,direct,216379,https://tatoeba.org/audio/download/216379,nava,,,narakeet_audio/3516176.mp3,Tamar
3516178,heb,שרטט קו ישר.,Draw a straight line.,278252,direct,216380,https://tatoeba.org/audio/download/216380,nava,,,narakeet_audio/3516178.mp3,Tamar
3516185,heb,אנא השאר את המחברות על השולחן כמו שהן.,Please leave the notebooks on the table as they are.,3516186,direct,216381,https://tatoeba.org/audio/download/216381,nava,,,narakeet_audio/3516185.mp3,Tamar
3516188,heb,הוא שאף להיות שחקן מפורסם.,He aspired to be a famous actor.,3516189,direct,216382,https://tatoeba.org/audio/download/216382,nava,,,narakeet_audio/3516188.mp3,Tamar
3516196,heb,יותר בריא לעלות במדרגות.,It is healthier to climb the stairs.,3516197,direct,216383,https://tatoeba.org/audio/download/216383,nava,,,narakeet_audio/3516196.mp3,Tamar
3516202,heb,אתמול נפגשנו עם שר החינוך.,Yesterday we met with the Minister of Education.,3516203,direct,216384,https://tatoeba.org/audio/download/216384,nava,,,narakeet_audio/3516202.mp3,Tamar
3516901,heb,האם תרצי לרקוד אתי?,Would you like to dance with me?,1654,direct,216387,https://tatoeba.org/audio/download/216387,nava,,,narakeet_audio/3516901.mp3,Tamar
3517001,heb,הם מקיימים מצוות הכנסת אורחים.,They are fulfilling the commandment to host guests.,4049054,direct,216388,https://tatoeba.org/audio/download/216388,nava,,,narakeet_audio/3517001.mp3,Tamar
3517004,heb,הכנסת מונה 120 חברים.,The Knesset numbers 120 members.,3517009,direct,216389,https://tatoeba.org/audio/download/216389,nava,,,narakeet_audio/3517004.mp3,Tamar
3517014,heb,הוא קשר את הכלב לעץ.,He tied the dog to a tree.,295981,direct,216390,https://tatoeba.org/audio/download/216390,nava,,,narakeet_audio/3517014.mp3,Tamar
3517135,heb,ישנם צמחים שלא יכולים להתאים את עצמם לקור.,Some plants cannot adapt themselves to the cold.,67237,direct,216391,https://tatoeba.org/audio/download/216391,nava,,,narakeet_audio/3517135.mp3,Tamar
3519439,heb,היא הכניסה את הספר לתוך התיק.,She put the book in the bag.,3519440,direct,216530,https://tatoeba.org/audio/download/216530,nava,,,narakeet_audio/3519439.mp3,Tamar
3522547,heb,אנשים ידעו כבר אז שכדור הארץ עגול.,People in those days already knew that the earth is round.,279920,direct,216709,https://tatoeba.org/audio/download/216709,nava,,,narakeet_audio/3522547.mp3,Tamar
3537116,heb,אנא מלא את הבקבוק במים.,Please fill up the bottle with water.,3379225,direct,217179,https://tatoeba.org/audio/download/217179,nava,,,narakeet_audio/3537116.mp3,Tamar
3544500,heb,האם אי פעם ראית לווייתן?,Have you ever seen a whale?,69421,direct,217271,https://tatoeba.org/audio/download/217271,nava,,,narakeet_audio/3544500.mp3,Tamar
3544594,heb,הזמן עבר מאוד מהר.,Time has passed very fast.,2217,direct,217273,https://tatoeba.org/audio/download/217273,nava,,,narakeet_audio/3544594.mp3,Tamar
3544698,heb,נראה לי שיש לי חום.,I seem to have a temperature.,38380,direct,217276,https://tatoeba.org/audio/download/217276,nava,,,narakeet_audio/3544698.mp3,Tamar
3544806,heb,הוא הבטיח לא לאחר שוב.,He promised not to be late again.,649806,direct,217278,https://tatoeba.org/audio/download/217278,nava,,,narakeet_audio/3544806.mp3,Tamar
3544818,heb,הצ'יטה היא בעל החיים המהיר בעולם.,The cheetah is the fastest animal in the world.,3544819,direct,217279,https://tatoeba.org/audio/download/217279,nava,,,narakeet_audio/3544818.mp3,Tamar
3544822,heb,"ניצחתי, אני במקום ראשון!",I've won first prize!,73092,direct,217280,https://tatoeba.org/audio/download/217280,nava,,,narakeet_audio/3544822.mp3,Tamar
3544849,heb,עשיתי זאת מתוך סקרנות.,I did it out of curiosity.,1737548,direct,217281,https://tatoeba.org/audio/download/217281,nava,,,narakeet_audio/3544849.mp3,Tamar
3544872,heb,"בעצם, זה מה שאני חשבתי.","Actually, that's what I thought.",40687,direct,217282,https://tatoeba.org/audio/download/217282,nava,,,narakeet_audio/3544872.mp3,Tamar
3544907,heb,כבר חלפו חמש שנים מאז שהם שבו מיפן.,It's already been five years since they returned from Japan.,2389341,direct,217283,https://tatoeba.org/audio/download/217283,nava,,,narakeet_audio/3544907.mp3,Tamar
3550813,heb,"ודעי, הדברים האלה נכונים.","And know this, these things are true.",3550814,direct,217345,https://tatoeba.org/audio/download/217345,nava,,,narakeet_audio/3550813.mp3,Tamar
3778171,heb,טום משחק בחוץ.,Tom is playing outside.,3778169,direct,230489,https://tatoeba.org/audio/download/230489,fekundulo,CC BY-NC 4.0,,narakeet_audio/3778171.mp3,Tamar
3780830,heb,אני צריך לעזור לטום לנקות את חדרו.,I have to help Tom clean his room.,3780829,direct,230507,https://tatoeba.org/audio/download/230507,fekundulo,CC BY-NC 4.0,,narakeet_audio/3780830.mp3,Tamar
3788977,heb,תודיע לי מיד כשמשהו קורה.,Let me know as soon as anything happens.,3788695,direct,230559,https://tatoeba.org/audio/download/230559,fekundulo,CC BY-NC 4.0,,narakeet_audio/3788977.mp3,Tamar
3790495,heb,מי נתן לך את הכינוי שלך?,Who gave you your nickname?,3788787,direct,230565,https://tatoeba.org/audio/download/230565,fekundulo,CC BY-NC 4.0,,narakeet_audio/3790495.mp3,Tamar
3795020,heb,אתה חייב לפעול לפי הכללים.,You must follow the rules.,3779399,direct,230595,https://tatoeba.org/audio/download/230595,fekundulo,CC BY-NC 4.0,,narakeet_audio/3795020.mp3,Tamar
3795083,heb,אני ממש רוצה לדעת מה קורה כאן.,I really want to know what's going on here.,3777930,direct,230596,https://tatoeba.org/audio/download/230596,fekundulo,CC BY-NC 4.0,,narakeet_audio/3795083.mp3,Tamar
3817854,heb,טום מקשיב לאייפוד שלו.,Tom is listening to his iPod.,3791486,direct,230666,https://tatoeba.org/audio/download/230666,fekundulo,CC BY-NC 4.0,,narakeet_audio/3817854.mp3,Tamar
3817856,heb,בני כמה היו הילדים שלך כשעברת לבוסטון?,How old were your kids when you moved to Boston?,3790009,direct,230667,https://tatoeba.org/audio/download/230667,fekundulo,CC BY-NC 4.0,,narakeet_audio/3817856.mp3,Tamar
3839662,heb,לטום יש סוד.,Tom has a secret.,3791374,direct,238618,https://tatoeba.org/audio/download/238618,fekundulo,CC BY-NC 4.0,,narakeet_audio/3839662.mp3,Tamar
3839663,heb,לטום יש חברה חמודה.,Tom has a cute girlfriend.,3791372,direct,238619,https://tatoeba.org/audio/download/238619,fekundulo,CC BY-NC 4.0,,narakeet_audio/3839663.mp3,Tamar
3839664,heb,"סלח לי, אתה יודע מה השעה?","Excuse me, do you know what time it is?",3789181,direct,238620,https://tatoeba.org/audio/download/238620,fekundulo,CC BY-NC 4.0,,narakeet_audio/3839664.mp3,Tamar
3839665,heb,"סלחי לי, את יודעת מה השעה?","Excuse me, do you know what time it is?",3789181,direct,238621,https://tatoeba.org/audio/download/238621,fekundulo,CC BY-NC 4.0,,narakeet_audio/3839665.mp3,Tamar
3839668,heb,"חם, אז אני רוצה לאכול משהו קר.","It's hot, so I want to eat something cold.",3777910,direct,238622,https://tatoeba.org/audio/download/238622,fekundulo,CC BY-NC 4.0,,narakeet_audio/3839668.mp3,Tamar
3839677,heb,אני רוצה לשחק איתך טניס ביום כלשהו.,I want to play tennis with you someday.,3777924,direct,238623,https://tatoeba.org/audio/download/238623,fekundulo,CC BY-NC 4.0,,narakeet_audio/3839677.mp3,Tamar
3851992,heb,תום מאזין לאייפוד שלו.,Tom is listening to his iPod.,3791486,direct,238677,https://tatoeba.org/audio/download/238677,fekundulo,CC BY-NC 4.0,,narakeet_audio/3851992.mp3,Tamar
3852009,heb,את ותום חוזרים אחד אל השני?,Are you and Tom getting back together?,3791416,direct,238678,https://tatoeba.org/audio/download/238678,fekundulo,CC BY-NC 4.0,,narakeet_audio/3852009.mp3,Tamar
